{"epoch": 1, "cer": 1.1842517652037021, "wer": 1.4757170493733704}
{"epoch": 2, "cer": 0.39813815386049783, "wer": 0.5454621919421314}
{"epoch": 3, "cer": 0.38751286474003366, "wer": 0.5277819833459501}
{"epoch": 4, "cer": 0.3521693448037208, "wer": 0.4875599293464547}
{"epoch": 5, "cer": 0.3768983335903293, "wer": 0.5145092101942973}
{"epoch": 6, "cer": 0.3651613874913488, "wer": 0.4982925393220624}
{"epoch": 7, "cer": 0.3260561637793469, "wer": 0.4518125998822441}
{"epoch": 8, "cer": 0.3187801895554448, "wer": 0.4430481958112541}
{"epoch": 9, "cer": 0.33995904799130755, "wer": 0.46633022121288586}
{"epoch": 10, "cer": 0.3231013078106454, "wer": 0.45038270670367564}
{"epoch": 11, "cer": 0.3113428457701452, "wer": 0.4421061485406678}
{"epoch": 12, "cer": 0.3255792270756608, "wer": 0.4516107326099756}
{"epoch": 13, "cer": 0.31477463844253273, "wer": 0.4466481621667087}
{"epoch": 14, "cer": 0.3220972305397274, "wer": 0.4479602994364539}
{"epoch": 15, "cer": 0.3161624166705515, "wer": 0.44309866262932124}
{"epoch": 16, "cer": 0.31475312250101306, "wer": 0.4384557153671461}
{"epoch": 17, "cer": 0.3353259485840718, "wer": 0.4615358734965094}
{"epoch": 18, "cer": 0.2992724025776098, "wer": 0.42196988813188663}
{"epoch": 19, "cer": 0.30533272610565043, "wer": 0.4346034149213559}
{"epoch": 20, "cer": 0.3456320845719941, "wer": 0.47686096391622507}
{"epoch": 21, "cer": 0.31467781670569417, "wer": 0.4412145680881487}
{"epoch": 22, "cer": 0.31803071759250956, "wer": 0.44732105307427034}
{"epoch": 23, "cer": 0.31813829730010795, "wer": 0.4435360417192363}
{"epoch": 24, "cer": 0.3380835750888429, "wer": 0.4666498443939776}
{"epoch": 25, "cer": 0.31431563169011306, "wer": 0.44378837580957187}
