{"epoch": 1, "cer": 1.3700634361675805, "wer": 1.6137101522415678}
{"epoch": 2, "cer": 0.34680111739456293, "wer": 0.4791319707292455}
{"epoch": 3, "cer": 0.37740395821604156, "wer": 0.512322314744722}
{"epoch": 4, "cer": 0.31086590906645917, "wer": 0.43236605265371353}
{"epoch": 5, "cer": 0.32118280302514135, "wer": 0.4546050971486248}
{"epoch": 6, "cer": 0.2694154477288131, "wer": 0.387063672302128}
{"epoch": 7, "cer": 0.2794777363795125, "wer": 0.3943140718311044}
{"epoch": 8, "cer": 0.28272664354898286, "wer": 0.39902430818403567}
{"epoch": 9, "cer": 0.27848800306960764, "wer": 0.4007401799983178}
{"epoch": 10, "cer": 0.28597555071845315, "wer": 0.40782235680040374}
{"epoch": 11, "cer": 0.2698816264617393, "wer": 0.39821683909496175}
{"epoch": 12, "cer": 0.2556560031269835, "wer": 0.3732021196063588}
{"epoch": 13, "cer": 0.2669769743565837, "wer": 0.3825553032214652}
{"epoch": 14, "cer": 0.2727432466838555, "wer": 0.3942131381949701}
{"epoch": 15, "cer": 0.2798506793658535, "wer": 0.4044242577172176}
{"epoch": 16, "cer": 0.2641404560662404, "wer": 0.38223568004037345}
{"epoch": 17, "cer": 0.3100805772009912, "wer": 0.42916982084279587}
{"epoch": 18, "cer": 0.27587023018471435, "wer": 0.3906972832029607}
{"epoch": 19, "cer": 0.26065487354005373, "wer": 0.3773572209605518}
{"epoch": 20, "cer": 0.3007390725912007, "wer": 0.41717554041551014}
{"epoch": 21, "cer": 0.263491391830397, "wer": 0.38141138867861046}
{"epoch": 22, "cer": 0.26368144931382076, "wer": 0.384136596854235}
{"epoch": 23, "cer": 0.2676475545339468, "wer": 0.38455715367146104}
{"epoch": 24, "cer": 0.2622398812320028, "wer": 0.38105812095214064}
{"epoch": 25, "cer": 0.28098743827614275, "wer": 0.3985028177306754}
