{"epoch": 1, "cer": {"CER": 0.7325711908715032, "Cor": 109186, "Sub": 79274, "Ins": 34610, "Del": 90403}, "wer": {"WER": 0.8482799226175456, "Cor": 17182, "Sub": 26335, "Ins": 8163, "Del": 15928}}
{"epoch": 2, "cer": {"CER": 0.5958409685042476, "Cor": 158472, "Sub": 57794, "Ins": 45767, "Del": 62597}, "wer": {"WER": 0.7267894692572967, "Cor": 27310, "Sub": 21538, "Ins": 11069, "Del": 10597}}
{"epoch": 3, "cer": {"CER": 0.4625030929165935, "Cor": 199497, "Sub": 51341, "Ins": 49609, "Del": 28025}, "wer": {"WER": 0.5900916813861553, "Cor": 35119, "Sub": 19230, "Ins": 10752, "Del": 5096}}
{"epoch": 4, "cer": {"CER": 0.35706422149944594, "Cor": 208667, "Sub": 45640, "Ins": 29376, "Del": 24556}, "wer": {"WER": 0.48858608798048614, "Cor": 37182, "Sub": 17527, "Ins": 6781, "Del": 4736}}
{"epoch": 5, "cer": {"CER": 0.371730921635355, "Cor": 220413, "Sub": 40833, "Ins": 45212, "Del": 17617}, "wer": {"WER": 0.5041803347632265, "Cor": 40320, "Sub": 16121, "Ins": 10846, "Del": 3004}}
{"epoch": 6, "cer": {"CER": 0.28753187048837603, "Cor": 222669, "Sub": 36794, "Ins": 23988, "Del": 19400}, "wer": {"WER": 0.40119438136092184, "Cor": 41275, "Sub": 14750, "Ins": 5679, "Del": 3420}}
{"epoch": 7, "cer": {"CER": 0.3409093354084264, "Cor": 229301, "Sub": 36726, "Ins": 45505, "Del": 12836}, "wer": {"WER": 0.46765918075532004, "Cor": 42471, "Sub": 14749, "Ins": 10826, "Del": 2225}}
{"epoch": 8, "cer": {"CER": 0.28979104434794145, "Cor": 228884, "Sub": 34814, "Ins": 30833, "Del": 15165}, "wer": {"WER": 0.4020354949953739, "Cor": 42568, "Sub": 13995, "Ins": 7022, "Del": 2882}}
{"epoch": 9, "cer": {"CER": 0.2876466221764809, "Cor": 229792, "Sub": 34410, "Ins": 31143, "Del": 14661}, "wer": {"WER": 0.4010934477247876, "Cor": 42998, "Sub": 13807, "Ins": 7396, "Del": 2640}}
{"epoch": 10, "cer": {"CER": 0.2584172156220079, "Cor": 230137, "Sub": 33801, "Ins": 23337, "Del": 14925}, "wer": {"WER": 0.372024560518126, "Cor": 42913, "Sub": 13700, "Ins": 5583, "Del": 2832}}
{"epoch": 11, "cer": {"CER": 0.2513348848717829, "Cor": 232938, "Sub": 32224, "Ins": 24163, "Del": 13701}, "wer": {"WER": 0.3645554714441921, "Cor": 43829, "Sub": 13197, "Ins": 6055, "Del": 2419}}
{"epoch": 12, "cer": {"CER": 0.24217626576490964, "Cor": 230574, "Sub": 32303, "Ins": 19245, "Del": 15986}, "wer": {"WER": 0.35197241147278996, "Cor": 43247, "Sub": 13209, "Ins": 4725, "Del": 2989}}
{"epoch": 13, "cer": {"CER": 0.2404191305408032, "Cor": 229115, "Sub": 32372, "Ins": 17296, "Del": 17376}, "wer": {"WER": 0.3523761460173269, "Cor": 42918, "Sub": 13150, "Ins": 4420, "Del": 3377}}
{"epoch": 14, "cer": {"CER": 0.2293455926386792, "Cor": 230763, "Sub": 32206, "Ins": 15856, "Del": 15894}, "wer": {"WER": 0.3381276810497098, "Cor": 43397, "Sub": 13097, "Ins": 4052, "Del": 2951}}
{"epoch": 15, "cer": {"CER": 0.24382582128141775, "Cor": 232897, "Sub": 31677, "Ins": 22028, "Del": 14289}, "wer": {"WER": 0.3548490201026159, "Cor": 43730, "Sub": 13079, "Ins": 5379, "Del": 2636}}
{"epoch": 16, "cer": {"CER": 0.23882695086834754, "Cor": 231262, "Sub": 31867, "Ins": 18999, "Del": 15734}, "wer": {"WER": 0.3497014046597695, "Cor": 43222, "Sub": 12999, "Ins": 4565, "Del": 3224}}
{"epoch": 17, "cer": {"CER": 0.2521273887177575, "Cor": 233395, "Sub": 32718, "Ins": 24841, "Del": 12750}, "wer": {"WER": 0.3614097064513416, "Cor": 43668, "Sub": 13181, "Ins": 5707, "Del": 2596}}
{"epoch": 18, "cer": {"CER": 0.22675650767581212, "Cor": 231608, "Sub": 31012, "Ins": 15979, "Del": 16243}, "wer": {"WER": 0.3337034233324922, "Cor": 43525, "Sub": 12603, "Ins": 3917, "Del": 3317}}
{"epoch": 19, "cer": {"CER": 0.2575207180586883, "Cor": 234614, "Sub": 32207, "Ins": 27564, "Del": 12042}, "wer": {"WER": 0.37020775506770964, "Cor": 43891, "Sub": 13189, "Ins": 6453, "Del": 2365}}
{"epoch": 20, "cer": {"CER": 0.22266847878707466, "Cor": 233809, "Sub": 30459, "Ins": 17040, "Del": 14595}, "wer": {"WER": 0.3321894187904786, "Cor": 44096, "Sub": 12584, "Ins": 4398, "Del": 2765}}
{"epoch": 21, "cer": {"CER": 0.23073337086669798, "Cor": 233178, "Sub": 30941, "Ins": 18658, "Del": 14744}, "wer": {"WER": 0.3383295483219783, "Cor": 43994, "Sub": 12580, "Ins": 4661, "Del": 2871}}
{"epoch": 22, "cer": {"CER": 0.22500295844195894, "Cor": 233558, "Sub": 31527, "Ins": 17440, "Del": 13778}, "wer": {"WER": 0.33466229287576754, "Cor": 44014, "Sub": 12862, "Ins": 4463, "Del": 2569}}
{"epoch": 23, "cer": {"CER": 0.24412704446269315, "Cor": 233559, "Sub": 31619, "Ins": 22774, "Del": 13685}, "wer": {"WER": 0.35183783329127766, "Cor": 43800, "Sub": 12927, "Ins": 5270, "Del": 2718}}
{"epoch": 24, "cer": {"CER": 0.23433370508098958, "Cor": 234616, "Sub": 31096, "Ins": 21100, "Del": 13151}, "wer": {"WER": 0.3422996046765918, "Cor": 44156, "Sub": 12616, "Ins": 5059, "Del": 2673}}
{"epoch": 25, "cer": {"CER": 0.22565560866805565, "Cor": 233075, "Sub": 30524, "Ins": 17139, "Del": 15264}, "wer": {"WER": 0.3298174783413239, "Cor": 44155, "Sub": 12383, "Ins": 4316, "Del": 2907}}
