{"epoch": 1, "cer": {"CER": 0.7958352309198423, "Cor": 96973, "Sub": 90318, "Ins": 40039, "Del": 91572}, "wer": {"WER": 0.93321557742451, "Cor": 14363, "Sub": 29941, "Ins": 10393, "Del": 15141}}
{"epoch": 2, "cer": {"CER": 0.6746574482810556, "Cor": 126929, "Sub": 69648, "Ins": 36203, "Del": 82286}, "wer": {"WER": 0.7902094372949785, "Cor": 20846, "Sub": 24214, "Ins": 8375, "Del": 14385}}
{"epoch": 3, "cer": {"CER": 0.5981073143443196, "Cor": 187485, "Sub": 61047, "Ins": 75412, "Del": 30331}, "wer": {"WER": 0.7514004542013626, "Cor": 32103, "Sub": 22230, "Ins": 17325, "Del": 5112}}
{"epoch": 4, "cer": {"CER": 0.39292053804197763, "Cor": 195629, "Sub": 48454, "Ins": 26337, "Del": 34780}, "wer": {"WER": 0.5154344351921945, "Cor": 35209, "Sub": 17968, "Ins": 6404, "Del": 6268}}
{"epoch": 5, "cer": {"CER": 0.362098951815049, "Cor": 214960, "Sub": 42210, "Ins": 37073, "Del": 21693}, "wer": {"WER": 0.4875431070737657, "Cor": 39158, "Sub": 16514, "Ins": 8695, "Del": 3773}}
{"epoch": 6, "cer": {"CER": 0.3088828564563961, "Cor": 225474, "Sub": 38211, "Ins": 32747, "Del": 15178}, "wer": {"WER": 0.42694928084784256, "Cor": 41679, "Sub": 15018, "Ins": 7614, "Del": 2748}}
{"epoch": 7, "cer": {"CER": 0.2621036136023782, "Cor": 228446, "Sub": 35365, "Ins": 22674, "Del": 15052}, "wer": {"WER": 0.37683573050719155, "Cor": 42725, "Sub": 14049, "Ins": 5681, "Del": 2671}}
{"epoch": 8, "cer": {"CER": 0.24190731649591377, "Cor": 227157, "Sub": 32849, "Ins": 15753, "Del": 18857}, "wer": {"WER": 0.3481537555723778, "Cor": 42911, "Sub": 13280, "Ins": 4162, "Del": 3254}}
{"epoch": 9, "cer": {"CER": 0.23372050074767897, "Cor": 230270, "Sub": 31758, "Ins": 16583, "Del": 16835}, "wer": {"WER": 0.3394229960467659, "Cor": 43607, "Sub": 12792, "Ins": 4339, "Del": 3046}}
{"epoch": 10, "cer": {"CER": 0.25211663074699764, "Cor": 232350, "Sub": 32301, "Ins": 23793, "Del": 14212}, "wer": {"WER": 0.3610396164521827, "Cor": 43735, "Sub": 13016, "Ins": 5752, "Del": 2694}}
{"epoch": 11, "cer": {"CER": 0.22668478787074656, "Cor": 233153, "Sub": 30481, "Ins": 17504, "Del": 15229}, "wer": {"WER": 0.3315838169736731, "Cor": 44073, "Sub": 12518, "Ins": 4339, "Del": 2854}}
{"epoch": 12, "cer": {"CER": 0.2187920233232806, "Cor": 234035, "Sub": 30174, "Ins": 16185, "Del": 14654}, "wer": {"WER": 0.3270081588022542, "Cor": 44485, "Sub": 12398, "Ins": 4479, "Del": 2562}}
{"epoch": 13, "cer": {"CER": 0.23599401856825752, "Cor": 233897, "Sub": 30031, "Ins": 20844, "Del": 14935}, "wer": {"WER": 0.33943981831945497, "Cor": 44041, "Sub": 12327, "Ins": 4774, "Del": 3077}}
