{"epoch": 1, "cer": {"CER": 1.0322201224257073, "Cor": 101117, "Sub": 87381, "Ins": 110102, "Del": 90365}, "wer": {"WER": 1.1652620068971318, "Cor": 14219, "Sub": 30735, "Ins": 24043, "Del": 14491}}
{"epoch": 2, "cer": {"CER": 0.6654737272424094, "Cor": 120405, "Sub": 66040, "Ins": 27118, "Del": 92418}, "wer": {"WER": 0.7734376314240053, "Cor": 20187, "Sub": 23136, "Ins": 6719, "Del": 16122}}
{"epoch": 3, "cer": {"CER": 0.5991149776054908, "Cor": 185696, "Sub": 63039, "Ins": 73904, "Del": 30128}, "wer": {"WER": 0.757002271006813, "Cor": 31731, "Sub": 22597, "Ins": 17286, "Del": 5117}}
{"epoch": 4, "cer": {"CER": 0.422103326723158, "Cor": 203564, "Sub": 50644, "Ins": 42410, "Del": 24655}, "wer": {"WER": 0.5479182437547313, "Cor": 36286, "Sub": 18545, "Ins": 9412, "Del": 4614}}
{"epoch": 5, "cer": {"CER": 0.31717007993172275, "Cor": 215176, "Sub": 41777, "Ins": 24760, "Del": 21910}, "wer": {"WER": 0.4423248380856254, "Cor": 39622, "Sub": 16236, "Ins": 6471, "Del": 3587}}
{"epoch": 6, "cer": {"CER": 0.2914513578352094, "Cor": 222955, "Sub": 37619, "Ins": 25367, "Del": 18289}, "wer": {"WER": 0.41095129952056525, "Cor": 41428, "Sub": 14900, "Ins": 6412, "Del": 3117}}
{"epoch": 7, "cer": {"CER": 0.33790786156643227, "Cor": 229584, "Sub": 34363, "Ins": 44951, "Del": 14916}, "wer": {"WER": 0.45416771805870976, "Cor": 42676, "Sub": 14018, "Ins": 10229, "Del": 2751}}
{"epoch": 8, "cer": {"CER": 0.2653883806743813, "Cor": 225086, "Sub": 35247, "Ins": 20230, "Del": 18530}, "wer": {"WER": 0.3789048700479435, "Cor": 42118, "Sub": 14100, "Ins": 5197, "Del": 3227}}
{"epoch": 9, "cer": {"CER": 0.2811021899642477, "Cor": 229125, "Sub": 34737, "Ins": 28651, "Del": 15001}, "wer": {"WER": 0.3917402641096812, "Cor": 42727, "Sub": 14027, "Ins": 6569, "Del": 2691}}
{"epoch": 10, "cer": {"CER": 0.25594288234724577, "Cor": 230175, "Sub": 33853, "Ins": 22685, "Del": 14835}, "wer": {"WER": 0.36378164690049625, "Cor": 43191, "Sub": 13505, "Ins": 5371, "Del": 2749}}
{"epoch": 11, "cer": {"CER": 0.2449052043476546, "Cor": 230980, "Sub": 33185, "Ins": 20412, "Del": 14698}, "wer": {"WER": 0.35407519555892003, "Cor": 43500, "Sub": 13294, "Ins": 5103, "Del": 2651}}
{"epoch": 12, "cer": {"CER": 0.2393146455427934, "Cor": 231445, "Sub": 31470, "Ins": 19318, "Del": 15948}, "wer": {"WER": 0.346135082849693, "Cor": 43877, "Sub": 12674, "Ins": 5008, "Del": 2894}}
{"epoch": 13, "cer": {"CER": 0.238948874536959, "Cor": 233519, "Sub": 30536, "Ins": 21290, "Del": 14808}, "wer": {"WER": 0.3454958364875095, "Cor": 43954, "Sub": 12596, "Ins": 5047, "Del": 2895}}
