{"epoch": 1, "cer": 1.8138082140692742, "wer": 2.138262259231222}
{"epoch": 2, "cer": 0.3369826760810864, "wer": 0.46777693666414333}
{"epoch": 3, "cer": 0.3797707117832054, "wer": 0.5205484060896627}
{"epoch": 4, "cer": 0.36655275170962087, "wer": 0.48841786525359576}
{"epoch": 5, "cer": 0.39786203261099534, "wer": 0.5326604424257717}
{"epoch": 6, "cer": 0.26608406278351737, "wer": 0.38294221549331314}
{"epoch": 7, "cer": 0.2641619720077601, "wer": 0.3825553032214652}
{"epoch": 8, "cer": 0.24130845612361626, "wer": 0.3542434182858104}
{"epoch": 9, "cer": 0.24281098603973994, "wer": 0.358230296913113}
{"epoch": 10, "cer": 0.24609933910199633, "wer": 0.35755740600555136}
{"epoch": 11, "cer": 0.2872521632486203, "wer": 0.4155942467827404}
{"epoch": 12, "cer": 0.28371279086863443, "wer": 0.40245605181259986}
