{"epoch": 1, "cer": 1.8138082140692742, "wer": 2.138262259231222}
{"epoch": 2, "cer": 0.3369826760810864, "wer": 0.46777693666414333}
{"epoch": 3, "cer": 0.3797707117832054, "wer": 0.5205484060896627}
{"epoch": 4, "cer": 0.36655275170962087, "wer": 0.48841786525359576}
{"epoch": 5, "cer": 0.39786203261099534, "wer": 0.5326604424257717}
{"epoch": 6, "cer": 0.26608406278351737, "wer": 0.38294221549331314}
{"epoch": 7, "cer": 0.2641619720077601, "wer": 0.3825553032214652}
{"epoch": 8, "cer": 0.24130845612361626, "wer": 0.3542434182858104}
{"epoch": 9, "cer": 0.24281098603973994, "wer": 0.358230296913113}
{"epoch": 10, "cer": 0.24609933910199633, "wer": 0.35755740600555136}
{"epoch": 11, "cer": 0.2872521632486203, "wer": 0.4155942467827404}
{"epoch": 12, "cer": 0.28371279086863443, "wer": 0.40245605181259986}
{"epoch": 13, "cer": 0.262731161896702, "wer": 0.37643199596265453}
{"epoch": 14, "cer": 0.2610923643509537, "wer": 0.3790394482294558}
{"epoch": 15, "cer": 0.25035590953263787, "wer": 0.37217596097232736}
{"epoch": 16, "cer": 0.2987524339908844, "wer": 0.41623349314492386}
{"epoch": 17, "cer": 0.25401003360072866, "wer": 0.36691058962065776}
{"epoch": 18, "cer": 0.23235423846117986, "wer": 0.34870889057111615}
{"epoch": 19, "cer": 0.25816261031402515, "wer": 0.3758263941458491}
{"epoch": 20, "cer": 0.24563316036907012, "wer": 0.3604340146353772}
{"epoch": 21, "cer": 0.24657268981542907, "wer": 0.3641349146269661}
{"epoch": 22, "cer": 0.26646776374061815, "wer": 0.3875683404827992}
{"epoch": 23, "cer": 0.2545622760997336, "wer": 0.3734376314240054}
{"epoch": 24, "cer": 0.2650297816490535, "wer": 0.38575153503238285}
{"epoch": 25, "cer": 0.25023039987377316, "wer": 0.3646227605349483}
