{"epoch": 1, "cer": {"CER": 0.7733690019830526, "Cor": 103394, "Sub": 112591, "Ins": 40195, "Del": 62878}, "wer": {"WER": 0.9565144250988309, "Cor": 15630, "Sub": 34259, "Ins": 13045, "Del": 9556}}
{"epoch": 2, "cer": {"CER": 0.657394491201773, "Cor": 128219, "Sub": 80237, "Ins": 32679, "Del": 70407}, "wer": {"WER": 0.7947514509210194, "Cor": 21195, "Sub": 26732, "Ins": 8994, "Del": 11518}}
{"epoch": 3, "cer": {"CER": 0.50283831128547, "Cor": 186218, "Sub": 65754, "Ins": 47578, "Del": 26891}, "wer": {"WER": 0.6574817057784507, "Cor": 31895, "Sub": 23257, "Ins": 11534, "Del": 4293}}
{"epoch": 4, "cer": {"CER": 0.3199456363877603, "Cor": 210538, "Sub": 48780, "Ins": 20896, "Del": 19545}, "wer": {"WER": 0.44836403398099084, "Cor": 38051, "Sub": 18079, "Ins": 5259, "Del": 3315}}
{"epoch": 5, "cer": {"CER": 0.3056733951797119, "Cor": 221852, "Sub": 40150, "Ins": 28230, "Del": 16861}, "wer": {"WER": 0.4331230549247203, "Cor": 40958, "Sub": 15857, "Ins": 7260, "Del": 2630}}
{"epoch": 6, "cer": {"CER": 0.2545371741679606, "Cor": 232233, "Sub": 34966, "Ins": 24351, "Del": 11664}, "wer": {"WER": 0.3736226764235848, "Cor": 43502, "Sub": 13999, "Ins": 6267, "Del": 1944}}
{"epoch": 7, "cer": {"CER": 0.2333654877126044, "Cor": 235682, "Sub": 31833, "Ins": 21896, "Del": 11348}, "wer": {"WER": 0.34615190512238203, "Cor": 44447, "Sub": 12938, "Ins": 5579, "Del": 2060}}
{"epoch": 8, "cer": {"CER": 0.1957018320824204, "Cor": 236636, "Sub": 29651, "Ins": 12347, "Del": 12576}, "wer": {"WER": 0.301875683404828, "Cor": 45112, "Sub": 12263, "Ins": 3612, "Del": 2070}}
{"epoch": 9, "cer": {"CER": 0.19154208338861736, "Cor": 239732, "Sub": 28241, "Ins": 14283, "Del": 10890}, "wer": {"WER": 0.2938682816048448, "Cor": 45717, "Sub": 11685, "Ins": 3741, "Del": 2043}}
{"epoch": 10, "cer": {"CER": 0.19511014369062946, "Cor": 240531, "Sub": 27756, "Ins": 16077, "Del": 10576}, "wer": {"WER": 0.2979392715955926, "Cor": 46127, "Sub": 11422, "Ins": 4393, "Del": 1896}}
{"epoch": 11, "cer": {"CER": 0.1656548197501999, "Cor": 244923, "Sub": 24407, "Ins": 12255, "Del": 9533}, "wer": {"WER": 0.26143493986037514, "Cor": 47518, "Sub": 10215, "Ins": 3614, "Del": 1712}}
{"epoch": 12, "cer": {"CER": 0.16637201780085561, "Cor": 245203, "Sub": 24224, "Ins": 12735, "Del": 9436}, "wer": {"WER": 0.2618723189502902, "Cor": 47520, "Sub": 10225, "Ins": 3642, "Del": 1700}}
{"epoch": 13, "cer": {"CER": 0.1592574131383511, "Cor": 245036, "Sub": 24113, "Ins": 10584, "Del": 9714}, "wer": {"WER": 0.2537808057868618, "Cor": 47494, "Sub": 10181, "Ins": 3135, "Del": 1770}}
{"epoch": 14, "cer": {"CER": 0.1583752595360446, "Cor": 245169, "Sub": 23917, "Ins": 10471, "Del": 9777}, "wer": {"WER": 0.25287240306165365, "Cor": 47550, "Sub": 10093, "Ins": 3137, "Del": 1802}}
{"epoch": 15, "cer": {"CER": 0.1593219609629101, "Cor": 245071, "Sub": 23999, "Ins": 10637, "Del": 9793}, "wer": {"WER": 0.25418454033139876, "Cor": 47524, "Sub": 10112, "Ins": 3189, "Del": 1809}}
{"epoch": 16, "cer": {"CER": 0.1602077005554699, "Cor": 245051, "Sub": 24035, "Ins": 10864, "Del": 9777}, "wer": {"WER": 0.2545714526032467, "Cor": 47535, "Sub": 10106, "Ins": 3223, "Del": 1804}}
{"epoch": 17, "cer": {"CER": 0.15858683296098802, "Cor": 245178, "Sub": 23938, "Ins": 10539, "Del": 9747}, "wer": {"WER": 0.25309109260661117, "Cor": 47556, "Sub": 10083, "Ins": 3156, "Del": 1806}}
{"epoch": 18, "cer": {"CER": 0.15840036146781752, "Cor": 245166, "Sub": 23909, "Ins": 10475, "Del": 9788}, "wer": {"WER": 0.25292286987972074, "Cor": 47547, "Sub": 10092, "Ins": 3137, "Del": 1806}}
{"epoch": 19, "cer": {"CER": 0.15836808755553802, "Cor": 245170, "Sub": 23916, "Ins": 10470, "Del": 9777}, "wer": {"WER": 0.2528555807889646, "Cor": 47550, "Sub": 10093, "Ins": 3136, "Del": 1802}}
{"epoch": 20, "cer": {"CER": 0.15836808755553802, "Cor": 245170, "Sub": 23916, "Ins": 10470, "Del": 9777}, "wer": {"WER": 0.2528555807889646, "Cor": 47550, "Sub": 10093, "Ins": 3136, "Del": 1802}}
{"epoch": 21, "cer": {"CER": 0.15836808755553802, "Cor": 245170, "Sub": 23916, "Ins": 10470, "Del": 9777}, "wer": {"WER": 0.2528555807889646, "Cor": 47550, "Sub": 10093, "Ins": 3136, "Del": 1802}}
{"epoch": 22, "cer": {"CER": 0.15836808755553802, "Cor": 245170, "Sub": 23916, "Ins": 10470, "Del": 9777}, "wer": {"WER": 0.2528555807889646, "Cor": 47550, "Sub": 10093, "Ins": 3136, "Del": 1802}}
{"epoch": 23, "cer": {"CER": 0.15836808755553802, "Cor": 245170, "Sub": 23916, "Ins": 10470, "Del": 9777}, "wer": {"WER": 0.2528555807889646, "Cor": 47550, "Sub": 10093, "Ins": 3136, "Del": 1802}}
{"epoch": 24, "cer": {"CER": 0.15836808755553802, "Cor": 245170, "Sub": 23916, "Ins": 10470, "Del": 9777}, "wer": {"WER": 0.2528555807889646, "Cor": 47550, "Sub": 10093, "Ins": 3136, "Del": 1802}}
{"epoch": 25, "cer": {"CER": 0.15836808755553802, "Cor": 245170, "Sub": 23916, "Ins": 10470, "Del": 9777}, "wer": {"WER": 0.2528555807889646, "Cor": 47550, "Sub": 10093, "Ins": 3136, "Del": 1802}}
