{"epoch": 1, "cer": {"CER": 0.7446990099080911, "Cor": 101149, "Sub": 105960, "Ins": 29955, "Del": 71754}, "wer": {"WER": 0.9113298006560686, "Cor": 15666, "Sub": 32824, "Ins": 10395, "Del": 10955}}
{"epoch": 2, "cer": {"CER": 0.6536937492603895, "Cor": 124035, "Sub": 74638, "Ins": 27463, "Del": 80190}, "wer": {"WER": 0.7767347968710573, "Cor": 20572, "Sub": 25323, "Ins": 7300, "Del": 13550}}
{"epoch": 3, "cer": {"CER": 0.48281055572090953, "Cor": 182203, "Sub": 66424, "Ins": 37978, "Del": 30236}, "wer": {"WER": 0.6294894440238876, "Cor": 30974, "Sub": 23387, "Ins": 8949, "Del": 5084}}
{"epoch": 4, "cer": {"CER": 0.4121988216436028, "Cor": 211502, "Sub": 50335, "Ins": 47586, "Del": 17026}, "wer": {"WER": 0.5540247287408528, "Cor": 37970, "Sub": 18743, "Ins": 11459, "Del": 2732}}
{"epoch": 5, "cer": {"CER": 0.2767236958649946, "Cor": 220183, "Sub": 39826, "Ins": 18488, "Del": 18854}, "wer": {"WER": 0.40383547817310117, "Cor": 40776, "Sub": 15710, "Ins": 5337, "Del": 2959}}
{"epoch": 6, "cer": {"CER": 0.25667083836866134, "Cor": 232045, "Sub": 35898, "Ins": 24758, "Del": 10920}, "wer": {"WER": 0.37754226596013124, "Cor": 43280, "Sub": 14275, "Ins": 6278, "Del": 1890}}
{"epoch": 7, "cer": {"CER": 0.21565069586140864, "Cor": 235721, "Sub": 31437, "Ins": 16995, "Del": 11705}, "wer": {"WER": 0.32744553789216924, "Cor": 44653, "Sub": 12855, "Ins": 4673, "Del": 1937}}
{"epoch": 8, "cer": {"CER": 0.19278642200650498, "Cor": 235118, "Sub": 29104, "Ins": 10016, "Del": 14641}, "wer": {"WER": 0.2935823029691311, "Cor": 44783, "Sub": 12021, "Ins": 2790, "Del": 2641}}
{"epoch": 9, "cer": {"CER": 0.2142736756041497, "Cor": 239335, "Sub": 28857, "Ins": 20225, "Del": 10671}, "wer": {"WER": 0.3216418538144503, "Cor": 45506, "Sub": 11963, "Ins": 5181, "Del": 1976}}
{"epoch": 10, "cer": {"CER": 0.16858457378712843, "Cor": 243702, "Sub": 25292, "Ins": 11851, "Del": 9869}, "wer": {"WER": 0.26456388258053665, "Cor": 47192, "Sub": 10501, "Ins": 3474, "Del": 1752}}
{"epoch": 11, "cer": {"CER": 0.17040267084554064, "Cor": 244008, "Sub": 25161, "Ins": 12664, "Del": 9694}, "wer": {"WER": 0.26784422575489947, "Cor": 47215, "Sub": 10474, "Ins": 3692, "Del": 1756}}
{"epoch": 12, "cer": {"CER": 0.17038832688452754, "Cor": 243686, "Sub": 25308, "Ins": 12338, "Del": 9869}, "wer": {"WER": 0.26624610984944064, "Cor": 47163, "Sub": 10559, "Ins": 3545, "Del": 1723}}
{"epoch": 13, "cer": {"CER": 0.16860608972864813, "Cor": 243581, "Sub": 25198, "Ins": 11736, "Del": 10084}, "wer": {"WER": 0.26419379258137776, "Cor": 47126, "Sub": 10548, "Ins": 3386, "Del": 1771}}
{"epoch": 14, "cer": {"CER": 0.16838375833294486, "Cor": 243619, "Sub": 25166, "Ins": 11712, "Del": 10078}, "wer": {"WER": 0.26365547985532845, "Cor": 47165, "Sub": 10496, "Ins": 3393, "Del": 1784}}
{"epoch": 15, "cer": {"CER": 0.16964602690209887, "Cor": 243548, "Sub": 25207, "Ins": 11993, "Del": 10108}, "wer": {"WER": 0.2651021953065859, "Cor": 47155, "Sub": 10500, "Ins": 3469, "Del": 1790}}
{"epoch": 16, "cer": {"CER": 0.1685415419040891, "Cor": 243573, "Sub": 25208, "Ins": 11710, "Del": 10082}, "wer": {"WER": 0.2638068803095298, "Cor": 47159, "Sub": 10500, "Ins": 3396, "Del": 1786}}
{"epoch": 17, "cer": {"CER": 0.1683622423914252, "Cor": 243616, "Sub": 25179, "Ins": 11703, "Del": 10068}, "wer": {"WER": 0.26362183530995037, "Cor": 47165, "Sub": 10499, "Ins": 3391, "Del": 1781}}
{"epoch": 18, "cer": {"CER": 0.16845547813801043, "Cor": 243592, "Sub": 25198, "Ins": 11705, "Del": 10073}, "wer": {"WER": 0.26373959121877366, "Cor": 47160, "Sub": 10503, "Ins": 3393, "Del": 1782}}
{"epoch": 19, "cer": {"CER": 0.1683586564011719, "Cor": 243615, "Sub": 25177, "Ins": 11701, "Del": 10071}, "wer": {"WER": 0.26362183530995037, "Cor": 47165, "Sub": 10498, "Ins": 3391, "Del": 1782}}
{"epoch": 20, "cer": {"CER": 0.1683622423914252, "Cor": 243616, "Sub": 25179, "Ins": 11703, "Del": 10068}, "wer": {"WER": 0.26362183530995037, "Cor": 47165, "Sub": 10499, "Ins": 3391, "Del": 1781}}
{"epoch": 21, "cer": {"CER": 0.1683622423914252, "Cor": 243616, "Sub": 25179, "Ins": 11703, "Del": 10068}, "wer": {"WER": 0.26362183530995037, "Cor": 47165, "Sub": 10499, "Ins": 3391, "Del": 1781}}
{"epoch": 22, "cer": {"CER": 0.1683622423914252, "Cor": 243616, "Sub": 25179, "Ins": 11703, "Del": 10068}, "wer": {"WER": 0.26362183530995037, "Cor": 47165, "Sub": 10499, "Ins": 3391, "Del": 1781}}
{"epoch": 23, "cer": {"CER": 0.1683622423914252, "Cor": 243616, "Sub": 25179, "Ins": 11703, "Del": 10068}, "wer": {"WER": 0.26362183530995037, "Cor": 47165, "Sub": 10499, "Ins": 3391, "Del": 1781}}
{"epoch": 24, "cer": {"CER": 0.1683622423914252, "Cor": 243616, "Sub": 25179, "Ins": 11703, "Del": 10068}, "wer": {"WER": 0.26362183530995037, "Cor": 47165, "Sub": 10499, "Ins": 3391, "Del": 1781}}
{"epoch": 25, "cer": {"CER": 0.1683622423914252, "Cor": 243616, "Sub": 25179, "Ins": 11703, "Del": 10068}, "wer": {"WER": 0.26362183530995037, "Cor": 47165, "Sub": 10499, "Ins": 3391, "Del": 1781}}
