{"epoch": 1, "cer": {"CER": 0.7398722670271782, "Cor": 97773, "Sub": 101089, "Ins": 25233, "Del": 80001}, "wer": {"WER": 0.8899655143409875, "Cor": 14463, "Sub": 31503, "Ins": 7922, "Del": 13479}}
{"epoch": 2, "cer": {"CER": 0.6745462825832039, "Cor": 126599, "Sub": 73688, "Ins": 35842, "Del": 78576}, "wer": {"WER": 0.798721507275633, "Cor": 20704, "Sub": 25204, "Ins": 8739, "Del": 13537}}
{"epoch": 3, "cer": {"CER": 0.5363171162900779, "Cor": 181462, "Sub": 61062, "Ins": 52158, "Del": 36339}, "wer": {"WER": 0.6806459752712591, "Cor": 31266, "Sub": 22027, "Ins": 12282, "Del": 6152}}
{"epoch": 4, "cer": {"CER": 0.4163119524641132, "Cor": 199373, "Sub": 52041, "Ins": 36604, "Del": 27449}, "wer": {"WER": 0.5398267305913029, "Cor": 35436, "Sub": 18815, "Ins": 8081, "Del": 5194}}
{"epoch": 5, "cer": {"CER": 0.3279961845063705, "Cor": 217058, "Sub": 42643, "Ins": 29661, "Del": 19162}, "wer": {"WER": 0.45771721759609724, "Cor": 39701, "Sub": 16575, "Ins": 7465, "Del": 3169}}
{"epoch": 6, "cer": {"CER": 0.3024388319712547, "Cor": 223033, "Sub": 37864, "Ins": 28509, "Del": 17966}, "wer": {"WER": 0.4166204054167718, "Cor": 41193, "Sub": 14872, "Ins": 6514, "Del": 3380}}
{"epoch": 7, "cer": {"CER": 0.27316997952399563, "Cor": 227089, "Sub": 36184, "Ins": 24403, "Del": 15590}, "wer": {"WER": 0.3861384473042308, "Cor": 42294, "Sub": 14217, "Ins": 5803, "Del": 2934}}
{"epoch": 8, "cer": {"CER": 0.24966381341375515, "Cor": 229555, "Sub": 33805, "Ins": 20314, "Del": 15503}, "wer": {"WER": 0.3571704937337034, "Cor": 43121, "Sub": 13416, "Ins": 4908, "Del": 2908}}
{"epoch": 9, "cer": {"CER": 0.2610421604874078, "Cor": 231124, "Sub": 33070, "Ins": 25056, "Del": 14669}, "wer": {"WER": 0.3693498191605686, "Cor": 43415, "Sub": 13243, "Ins": 5926, "Del": 2787}}
{"epoch": 10, "cer": {"CER": 0.20956527040159506, "Cor": 239015, "Sub": 27916, "Ins": 18592, "Del": 11932}, "wer": {"WER": 0.30974850702329887, "Cor": 45876, "Sub": 11353, "Ins": 4844, "Del": 2216}}
{"epoch": 11, "cer": {"CER": 0.19721153397905064, "Cor": 238642, "Sub": 27935, "Ins": 14774, "Del": 12286}, "wer": {"WER": 0.29847758432164184, "Cor": 45755, "Sub": 11395, "Ins": 4053, "Del": 2295}}
{"epoch": 12, "cer": {"CER": 0.20842133951079922, "Cor": 238934, "Sub": 28128, "Ins": 18192, "Del": 11801}, "wer": {"WER": 0.3106905542938851, "Cor": 45747, "Sub": 11547, "Ins": 4771, "Del": 2151}}
{"epoch": 13, "cer": {"CER": 0.2019701430451512, "Cor": 239356, "Sub": 27549, "Ins": 16815, "Del": 11958}, "wer": {"WER": 0.304382202035495, "Cor": 45828, "Sub": 11385, "Ins": 4477, "Del": 2232}}
{"epoch": 14, "cer": {"CER": 0.1975701330043785, "Cor": 239417, "Sub": 27508, "Ins": 15649, "Del": 11938}, "wer": {"WER": 0.29903271932038017, "Cor": 45861, "Sub": 11374, "Ins": 4192, "Del": 2210}}
{"epoch": 15, "cer": {"CER": 0.19774226053653587, "Cor": 239426, "Sub": 27554, "Ins": 15706, "Del": 11883}, "wer": {"WER": 0.29926823113802675, "Cor": 45864, "Sub": 11381, "Ins": 4209, "Del": 2200}}
{"epoch": 16, "cer": {"CER": 0.19777812043906864, "Cor": 239426, "Sub": 27550, "Ins": 15716, "Del": 11887}, "wer": {"WER": 0.29928505341071576, "Cor": 45862, "Sub": 11384, "Ins": 4208, "Del": 2199}}
{"epoch": 17, "cer": {"CER": 0.19777812043906864, "Cor": 239426, "Sub": 27550, "Ins": 15716, "Del": 11887}, "wer": {"WER": 0.29928505341071576, "Cor": 45862, "Sub": 11384, "Ins": 4208, "Del": 2199}}
{"epoch": 18, "cer": {"CER": 0.19777812043906864, "Cor": 239426, "Sub": 27550, "Ins": 15716, "Del": 11887}, "wer": {"WER": 0.29928505341071576, "Cor": 45862, "Sub": 11384, "Ins": 4208, "Del": 2199}}
{"epoch": 19, "cer": {"CER": 0.19777812043906864, "Cor": 239426, "Sub": 27550, "Ins": 15716, "Del": 11887}, "wer": {"WER": 0.29928505341071576, "Cor": 45862, "Sub": 11384, "Ins": 4208, "Del": 2199}}
{"epoch": 20, "cer": {"CER": 0.19777812043906864, "Cor": 239426, "Sub": 27550, "Ins": 15716, "Del": 11887}, "wer": {"WER": 0.29928505341071576, "Cor": 45862, "Sub": 11384, "Ins": 4208, "Del": 2199}}
{"epoch": 21, "cer": {"CER": 0.19777812043906864, "Cor": 239426, "Sub": 27550, "Ins": 15716, "Del": 11887}, "wer": {"WER": 0.29928505341071576, "Cor": 45862, "Sub": 11384, "Ins": 4208, "Del": 2199}}
{"epoch": 22, "cer": {"CER": 0.19777812043906864, "Cor": 239426, "Sub": 27550, "Ins": 15716, "Del": 11887}, "wer": {"WER": 0.29928505341071576, "Cor": 45862, "Sub": 11384, "Ins": 4208, "Del": 2199}}
{"epoch": 23, "cer": {"CER": 0.19777812043906864, "Cor": 239426, "Sub": 27550, "Ins": 15716, "Del": 11887}, "wer": {"WER": 0.29928505341071576, "Cor": 45862, "Sub": 11384, "Ins": 4208, "Del": 2199}}
{"epoch": 24, "cer": {"CER": 0.19777812043906864, "Cor": 239426, "Sub": 27550, "Ins": 15716, "Del": 11887}, "wer": {"WER": 0.29928505341071576, "Cor": 45862, "Sub": 11384, "Ins": 4208, "Del": 2199}}
{"epoch": 25, "cer": {"CER": 0.19777812043906864, "Cor": 239426, "Sub": 27550, "Ins": 15716, "Del": 11887}, "wer": {"WER": 0.29928505341071576, "Cor": 45862, "Sub": 11384, "Ins": 4208, "Del": 2199}}
