{"epoch": 1, "cer": {"CER": 0.9602277821008882, "Cor": 102745, "Sub": 89228, "Ins": 91654, "Del": 86890}, "wer": {"WER": 1.090571116157793, "Cor": 14550, "Sub": 29899, "Ins": 19934, "Del": 14996}}
{"epoch": 2, "cer": {"CER": 0.5644097639342617, "Cor": 154530, "Sub": 65380, "Ins": 33060, "Del": 58953}, "wer": {"WER": 0.7019429724955841, "Cor": 26174, "Sub": 23459, "Ins": 8456, "Del": 9812}}
