{"epoch": 1, "cer": {"CER": 0.7621340945195311, "Cor": 98380, "Sub": 100709, "Ins": 32048, "Del": 79774}, "wer": {"WER": 0.9206998065438641, "Cor": 15398, "Sub": 32088, "Ins": 10684, "Del": 11959}}
{"epoch": 2, "cer": {"CER": 0.6484976493833889, "Cor": 121307, "Sub": 72397, "Ins": 23286, "Del": 85159}, "wer": {"WER": 0.7637816469004962, "Cor": 20029, "Sub": 25109, "Ins": 5987, "Del": 14307}}
{"epoch": 3, "cer": {"CER": 0.5454327035139118, "Cor": 185243, "Sub": 66912, "Ins": 58481, "Del": 26708}, "wer": {"WER": 0.7042812683993608, "Cor": 31507, "Sub": 23603, "Ins": 13928, "Del": 4335}}
{"epoch": 4, "cer": {"CER": 0.3487805840143727, "Cor": 209271, "Sub": 50260, "Ins": 27670, "Del": 19332}, "wer": {"WER": 0.4883673984355286, "Cor": 37525, "Sub": 18681, "Ins": 7111, "Del": 3239}}
{"epoch": 5, "cer": {"CER": 0.2752498538708972, "Cor": 221024, "Sub": 40582, "Ins": 18918, "Del": 17257}, "wer": {"WER": 0.4003028009084027, "Cor": 40898, "Sub": 15804, "Ins": 5249, "Del": 2743}}
{"epoch": 6, "cer": {"CER": 0.23796989919781397, "Cor": 231218, "Sub": 34774, "Ins": 18716, "Del": 12871}, "wer": {"WER": 0.35521911010177476, "Cor": 43241, "Sub": 14039, "Ins": 4912, "Del": 2165}}
{"epoch": 7, "cer": {"CER": 0.2324008563344725, "Cor": 234991, "Sub": 32025, "Ins": 20936, "Del": 11847}, "wer": {"WER": 0.3455126587601985, "Cor": 44489, "Sub": 12988, "Ins": 5583, "Del": 1968}}
{"epoch": 8, "cer": {"CER": 0.200152045986739, "Cor": 235038, "Sub": 30411, "Ins": 11990, "Del": 13414}, "wer": {"WER": 0.306468163848936, "Cor": 44802, "Sub": 12323, "Ins": 3575, "Del": 2320}}
{"epoch": 9, "cer": {"CER": 0.195554806482036, "Cor": 238265, "Sub": 28471, "Ins": 13935, "Del": 12127}, "wer": {"WER": 0.2986121625031542, "Cor": 45600, "Sub": 11740, "Ins": 3906, "Del": 2105}}
{"epoch": 10, "cer": {"CER": 0.20203110487945694, "Cor": 239708, "Sub": 27909, "Ins": 17184, "Del": 11246}, "wer": {"WER": 0.303541088401043, "Cor": 45779, "Sub": 11518, "Ins": 4378, "Del": 2148}}
{"epoch": 11, "cer": {"CER": 0.18012787641243191, "Cor": 239129, "Sub": 27337, "Ins": 10497, "Del": 12397}, "wer": {"WER": 0.27871141391201953, "Cor": 45857, "Sub": 11368, "Ins": 2980, "Del": 2220}}
{"epoch": 12, "cer": {"CER": 0.18707752552328563, "Cor": 241642, "Sub": 26807, "Ins": 14948, "Del": 10414}, "wer": {"WER": 0.29183278660947093, "Cor": 46396, "Sub": 11218, "Ins": 4299, "Del": 1831}}
{"epoch": 13, "cer": {"CER": 0.18910361001638798, "Cor": 241502, "Sub": 26867, "Ins": 15373, "Del": 10494}, "wer": {"WER": 0.28959542434182856, "Cor": 46206, "Sub": 11212, "Ins": 3976, "Del": 2027}}
{"epoch": 14, "cer": {"CER": 0.18596228255451602, "Cor": 240614, "Sub": 26884, "Ins": 13609, "Del": 11365}, "wer": {"WER": 0.2855580788964589, "Cor": 46203, "Sub": 11134, "Ins": 3733, "Del": 2108}}
{"epoch": 15, "cer": {"CER": 0.188666119205488, "Cor": 241861, "Sub": 26598, "Ins": 15610, "Del": 10404}, "wer": {"WER": 0.28979729161409706, "Cor": 46336, "Sub": 11208, "Ins": 4118, "Del": 1901}}
{"epoch": 16, "cer": {"CER": 0.18695560185467416, "Cor": 240844, "Sub": 27289, "Ins": 14116, "Del": 10730}, "wer": {"WER": 0.28464967617125075, "Cor": 46217, "Sub": 11353, "Ins": 3693, "Del": 1875}}
{"epoch": 17, "cer": {"CER": 0.18885976267916504, "Cor": 240219, "Sub": 26824, "Ins": 14022, "Del": 11820}, "wer": {"WER": 0.28828328707208345, "Cor": 46018, "Sub": 11258, "Ins": 3710, "Del": 2169}}
{"epoch": 18, "cer": {"CER": 0.18506937098144968, "Cor": 240854, "Sub": 27292, "Ins": 13600, "Del": 10717}, "wer": {"WER": 0.2864664816216671, "Cor": 46175, "Sub": 11354, "Ins": 3759, "Del": 1916}}
{"epoch": 19, "cer": {"CER": 0.17992347496799505, "Cor": 241069, "Sub": 27041, "Ins": 12380, "Del": 10753}, "wer": {"WER": 0.2803263520901674, "Cor": 46235, "Sub": 11154, "Ins": 3454, "Del": 2056}}
{"epoch": 20, "cer": {"CER": 0.1748744006913789, "Cor": 240891, "Sub": 26110, "Ins": 10794, "Del": 11862}, "wer": {"WER": 0.2737488434687526, "Cor": 46430, "Sub": 11034, "Ins": 3258, "Del": 1981}}
{"epoch": 21, "cer": {"CER": 0.18038965370092125, "Cor": 241356, "Sub": 26769, "Ins": 12797, "Del": 10738}, "wer": {"WER": 0.2796702834552948, "Cor": 46238, "Sub": 11137, "Ins": 3418, "Del": 2070}}
{"epoch": 22, "cer": {"CER": 0.18174157202640723, "Cor": 241401, "Sub": 26520, "Ins": 13219, "Del": 10942}, "wer": {"WER": 0.28152073345108924, "Cor": 46324, "Sub": 11104, "Ins": 3614, "Del": 2017}}
{"epoch": 23, "cer": {"CER": 0.17599681564065509, "Cor": 242552, "Sub": 25741, "Ins": 12768, "Del": 10570}, "wer": {"WER": 0.2748086466481622, "Cor": 46558, "Sub": 10965, "Ins": 3449, "Del": 1922}}
{"epoch": 24, "cer": {"CER": 0.1837138666657104, "Cor": 242822, "Sub": 26451, "Ins": 15190, "Del": 9590}, "wer": {"WER": 0.28382538480948777, "Cor": 46538, "Sub": 11043, "Ins": 3965, "Del": 1864}}
{"epoch": 25, "cer": {"CER": 0.18968454043741909, "Cor": 242292, "Sub": 26307, "Ins": 16325, "Del": 10264}, "wer": {"WER": 0.2888552443435108, "Cor": 46456, "Sub": 11019, "Ins": 4182, "Del": 1970}}
