{"epoch": 1, "rsa": {"img_rep": 0.22945888340473175, "img_mfcc": 0.008113941714504962, "rep_mfcc": 0.05550563393289431}, "retrieval": {"recall@1": 0.0022, "recall@5": 0.0138, "recall@10": 0.028, "medr": 256.0}, "speaker_id": {"maj": 0.072, "rep": 0.2984, "mfcc": 0.0656}}
{"epoch": 2, "rsa": {"img_rep": 0.24672669172286987, "img_mfcc": 0.008113941714504962, "rep_mfcc": 0.054328550138766744}, "retrieval": {"recall@1": 0.0056, "recall@5": 0.0288, "recall@10": 0.049, "medr": 185.0}, "speaker_id": {"maj": 0.072, "rep": 0.3032, "mfcc": 0.0656}}
{"epoch": 3, "rsa": {"img_rep": 0.25916406512260437, "img_mfcc": 0.008113941714504962, "rep_mfcc": 0.05166479872942365}, "retrieval": {"recall@1": 0.0094, "recall@5": 0.0406, "recall@10": 0.0796, "medr": 136.0}, "speaker_id": {"maj": 0.072, "rep": 0.3048, "mfcc": 0.0656}}
{"epoch": 4, "rsa": {"img_rep": 0.2523617446422577, "img_mfcc": 0.008113941714504962, "rep_mfcc": 0.051210768781849755}, "retrieval": {"recall@1": 0.0168, "recall@5": 0.061, "recall@10": 0.1066, "medr": 111.0}, "speaker_id": {"maj": 0.072, "rep": 0.2728, "mfcc": 0.0656}}
{"epoch": 5, "rsa": {"img_rep": 0.252082496881485, "img_mfcc": 0.008113941714504962, "rep_mfcc": 0.04898125108459293}, "retrieval": {"recall@1": 0.016, "recall@5": 0.0646, "recall@10": 0.118, "medr": 99.0}, "speaker_id": {"maj": 0.072, "rep": 0.276, "mfcc": 0.0656}}
{"epoch": 6, "rsa": {"img_rep": 0.2426636815071106, "img_mfcc": 0.008113941714504962, "rep_mfcc": 0.04926872528915633}, "retrieval": {"recall@1": 0.0204, "recall@5": 0.0846, "recall@10": 0.1386, "medr": 92.0}, "speaker_id": {"maj": 0.072, "rep": 0.2664, "mfcc": 0.0656}}
{"epoch": 7, "rsa": {"img_rep": 0.23253865540027618, "img_mfcc": 0.008113941714504962, "rep_mfcc": 0.043443590946830105}, "retrieval": {"recall@1": 0.0248, "recall@5": 0.0928, "recall@10": 0.1568, "medr": 84.0}, "speaker_id": {"maj": 0.072, "rep": 0.2608, "mfcc": 0.0656}}
{"epoch": 8, "rsa": {"img_rep": 0.22918614745140076, "img_mfcc": 0.008113941714504962, "rep_mfcc": 0.04974766817917393}, "retrieval": {"recall@1": 0.023, "recall@5": 0.0954, "recall@10": 0.1522, "medr": 80.0}, "speaker_id": {"maj": 0.072, "rep": 0.2656, "mfcc": 0.0656}}
{"epoch": 9, "rsa": {"img_rep": 0.23665009438991547, "img_mfcc": 0.008113941714504962, "rep_mfcc": 0.04769994281369311}, "retrieval": {"recall@1": 0.0238, "recall@5": 0.0982, "recall@10": 0.1642, "medr": 80.0}, "speaker_id": {"maj": 0.072, "rep": 0.2744, "mfcc": 0.0656}}
{"epoch": 10, "rsa": {"img_rep": 0.2212754637002945, "img_mfcc": 0.008113941714504962, "rep_mfcc": 0.03724579696333427}, "retrieval": {"recall@1": 0.0306, "recall@5": 0.1066, "recall@10": 0.17, "medr": 78.0}, "speaker_id": {"maj": 0.072, "rep": 0.2712, "mfcc": 0.0656}}
{"epoch": 11, "rsa": {"img_rep": 0.2126629799604416, "img_mfcc": 0.008113941714504962, "rep_mfcc": 0.0458849355674476}, "retrieval": {"recall@1": 0.0286, "recall@5": 0.1098, "recall@10": 0.178, "medr": 73.0}, "speaker_id": {"maj": 0.072, "rep": 0.2744, "mfcc": 0.0656}}
{"epoch": 12, "rsa": {"img_rep": 0.2144985944032669, "img_mfcc": 0.008113941714504962, "rep_mfcc": 0.04715975855492195}, "retrieval": {"recall@1": 0.0298, "recall@5": 0.1098, "recall@10": 0.1752, "medr": 73.0}, "speaker_id": {"maj": 0.072, "rep": 0.2736, "mfcc": 0.0656}}
{"epoch": 13, "rsa": {"img_rep": 0.20814770460128784, "img_mfcc": 0.008113941714504962, "rep_mfcc": 0.04396528919991205}, "retrieval": {"recall@1": 0.0272, "recall@5": 0.112, "recall@10": 0.1778, "medr": 73.0}, "speaker_id": {"maj": 0.072, "rep": 0.2744, "mfcc": 0.0656}}
{"epoch": 14, "rsa": {"img_rep": 0.20707760751247406, "img_mfcc": 0.008113941714504962, "rep_mfcc": 0.04605509950046954}, "retrieval": {"recall@1": 0.0298, "recall@5": 0.1128, "recall@10": 0.1816, "medr": 71.5}, "speaker_id": {"maj": 0.072, "rep": 0.2856, "mfcc": 0.0656}}
{"epoch": 15, "rsa": {"img_rep": 0.2038254737854004, "img_mfcc": 0.008113941714504962, "rep_mfcc": 0.050216431962610796}, "retrieval": {"recall@1": 0.0318, "recall@5": 0.1162, "recall@10": 0.1862, "medr": 67.0}, "speaker_id": {"maj": 0.072, "rep": 0.2752, "mfcc": 0.0656}}
{"epoch": 16, "rsa": {"img_rep": 0.19971387088298798, "img_mfcc": 0.008113941714504962, "rep_mfcc": 0.049164119589173695}, "retrieval": {"recall@1": 0.0306, "recall@5": 0.1142, "recall@10": 0.184, "medr": 69.0}, "speaker_id": {"maj": 0.072, "rep": 0.2864, "mfcc": 0.0656}}
{"epoch": 17, "rsa": {"img_rep": 0.20487672090530396, "img_mfcc": 0.008113941714504962, "rep_mfcc": 0.048991390723844674}, "retrieval": {"recall@1": 0.0314, "recall@5": 0.1228, "recall@10": 0.192, "medr": 68.0}, "speaker_id": {"maj": 0.072, "rep": 0.2784, "mfcc": 0.0656}}
{"epoch": 18, "rsa": {"img_rep": 0.1910184919834137, "img_mfcc": 0.008113941714504962, "rep_mfcc": 0.045412059734914224}, "retrieval": {"recall@1": 0.0322, "recall@5": 0.124, "recall@10": 0.1934, "medr": 69.0}, "speaker_id": {"maj": 0.072, "rep": 0.2872, "mfcc": 0.0656}}
{"epoch": 19, "rsa": {"img_rep": 0.19375358521938324, "img_mfcc": 0.008113941714504962, "rep_mfcc": 0.05316124000650977}, "retrieval": {"recall@1": 0.032, "recall@5": 0.1176, "recall@10": 0.1864, "medr": 77.0}, "speaker_id": {"maj": 0.072, "rep": 0.3048, "mfcc": 0.0656}}
{"epoch": 20, "rsa": {"img_rep": 0.19924357533454895, "img_mfcc": 0.008113941714504962, "rep_mfcc": 0.0423475123732942}, "retrieval": {"recall@1": 0.0328, "recall@5": 0.122, "recall@10": 0.1924, "medr": 73.0}, "speaker_id": {"maj": 0.072, "rep": 0.296, "mfcc": 0.0656}}
{"epoch": 21, "rsa": {"img_rep": 0.18361720442771912, "img_mfcc": 0.008113941714504962, "rep_mfcc": 0.04558627063818711}, "retrieval": {"recall@1": 0.0312, "recall@5": 0.1246, "recall@10": 0.1934, "medr": 74.5}, "speaker_id": {"maj": 0.072, "rep": 0.2712, "mfcc": 0.0656}}
{"epoch": 22, "rsa": {"img_rep": 0.17881974577903748, "img_mfcc": 0.008113941714504962, "rep_mfcc": 0.049370552400459164}, "retrieval": {"recall@1": 0.0322, "recall@5": 0.1258, "recall@10": 0.1972, "medr": 72.5}, "speaker_id": {"maj": 0.072, "rep": 0.2928, "mfcc": 0.0656}}
{"epoch": 23, "rsa": {"img_rep": 0.17850984632968903, "img_mfcc": 0.008113941714504962, "rep_mfcc": 0.05887107627788759}, "retrieval": {"recall@1": 0.0326, "recall@5": 0.1274, "recall@10": 0.1968, "medr": 72.0}, "speaker_id": {"maj": 0.072, "rep": 0.3056, "mfcc": 0.0656}}
{"epoch": 24, "rsa": {"img_rep": 0.1897692233324051, "img_mfcc": 0.008113941714504962, "rep_mfcc": 0.05043286777304074}, "retrieval": {"recall@1": 0.0332, "recall@5": 0.1236, "recall@10": 0.1906, "medr": 72.0}, "speaker_id": {"maj": 0.072, "rep": 0.3072, "mfcc": 0.0656}}
{"epoch": 25, "rsa": {"img_rep": 0.16674290597438812, "img_mfcc": 0.008113941714504962, "rep_mfcc": 0.050862633444112584}, "retrieval": {"recall@1": 0.035, "recall@5": 0.1238, "recall@10": 0.196, "medr": 73.0}, "speaker_id": {"maj": 0.072, "rep": 0.3152, "mfcc": 0.0656}}
