{"epoch": 1, "cer": {"CER": 0.7304160107292829, "Cor": 99490, "Sub": 113500, "Ins": 24313, "Del": 65873}, "wer": {"WER": 0.896425267053579, "Cor": 15057, "Sub": 35102, "Ins": 8900, "Del": 9286}}
{"epoch": 2, "cer": {"CER": 0.7227742654995464, "Cor": 89510, "Sub": 99094, "Ins": 12202, "Del": 90259}, "wer": {"WER": 0.8451341576246951, "Cor": 12087, "Sub": 30000, "Ins": 2881, "Del": 17358}}
{"epoch": 3, "cer": {"CER": 0.8671569910672983, "Cor": 90092, "Sub": 69934, "Ins": 53047, "Del": 118837}, "wer": {"WER": 0.9717385818824124, "Cor": 13245, "Sub": 26746, "Ins": 11565, "Del": 19454}}
{"epoch": 4, "cer": {"CER": 0.7269519441446158, "Cor": 98094, "Sub": 106146, "Ins": 21951, "Del": 74623}, "wer": {"WER": 0.8887374884346875, "Cor": 15140, "Sub": 33602, "Ins": 8526, "Del": 10703}}
{"epoch": 5, "cer": {"CER": 0.7458680427306599, "Cor": 100155, "Sub": 105414, "Ins": 29287, "Del": 73294}, "wer": {"WER": 0.9118176465640508, "Cor": 15044, "Sub": 32730, "Ins": 9802, "Del": 11671}}
