{"epoch": 1, "cer": 0.8200119772074459, "wer": 1.0462444276221718}
{"epoch": 2, "cer": 0.33010833276555157, "wer": 0.4547396753301371}
{"epoch": 3, "cer": 0.3408089276813346, "wer": 0.45931533350155607}
{"epoch": 4, "cer": 0.2533968292674181, "wer": 0.37192362688199176}
{"epoch": 5, "cer": 0.31083004916392637, "wer": 0.43773235764151736}
{"epoch": 6, "cer": 0.262770607789488, "wer": 0.3773572209605518}
{"epoch": 7, "cer": 0.3027328831720235, "wer": 0.4229287576751619}
{"epoch": 8, "cer": 0.23322204810247327, "wer": 0.3458154596686012}
{"epoch": 9, "cer": 0.24297952758164404, "wer": 0.35429388510387755}
{"epoch": 10, "cer": 0.2591057257506374, "wer": 0.37335352006056016}
{"epoch": 11, "cer": 0.26138641555172254, "wer": 0.3795777609555051}
{"epoch": 12, "cer": 0.2699748622083245, "wer": 0.38962065775086213}
{"epoch": 13, "cer": 0.24612444103376926, "wer": 0.35767516191437465}
{"epoch": 14, "cer": 0.23552425384507805, "wer": 0.34823786693582304}
{"epoch": 15, "cer": 0.23616256011016162, "wer": 0.3521911010177475}
{"epoch": 16, "cer": 0.30901553809576743, "wer": 0.4288838422070822}
{"epoch": 17, "cer": 0.25706529729652194, "wer": 0.37347127596938345}
{"epoch": 18, "cer": 0.24694204681151677, "wer": 0.36119101690638405}
{"epoch": 19, "cer": 0.2898018023187013, "wer": 0.403347632265119}
{"epoch": 20, "cer": 0.2535581988288156, "wer": 0.3640676255362099}
{"epoch": 21, "cer": 0.25696847555968344, "wer": 0.3706451341576247}
{"epoch": 22, "cer": 0.2597547899864808, "wer": 0.37860206913954075}
{"epoch": 23, "cer": 0.2461172690532627, "wer": 0.35848263100344857}
