{"epoch": 1, "cer": {"CER": 0.7696861899929356, "Cor": 100346, "Sub": 112663, "Ins": 36120, "Del": 65854}, "wer": {"WER": 0.9678694591639331, "Cor": 15229, "Sub": 35046, "Ins": 13319, "Del": 9170}}
{"epoch": 2, "cer": {"CER": 0.7138164618468567, "Cor": 92932, "Sub": 95103, "Ins": 13126, "Del": 90828}, "wer": {"WER": 0.8357977962822777, "Cor": 13318, "Sub": 29450, "Ins": 3557, "Del": 16677}}
{"epoch": 3, "cer": {"CER": 0.6362228047464167, "Cor": 109109, "Sub": 65561, "Ins": 7665, "Del": 104193}, "wer": {"WER": 0.7296156110690555, "Cor": 18321, "Sub": 23078, "Ins": 2248, "Del": 18046}}
{"epoch": 4, "cer": {"CER": 0.7142145067649706, "Cor": 161677, "Sub": 79330, "Ins": 81982, "Del": 37856}, "wer": {"WER": 0.8899991588863655, "Cor": 27158, "Sub": 26270, "Ins": 20619, "Del": 6017}}
{"epoch": 5, "cer": {"CER": 0.6027260697905423, "Cor": 133001, "Sub": 87362, "Ins": 22216, "Del": 58500}, "wer": {"WER": 0.7366809655984523, "Cor": 22322, "Sub": 27964, "Ins": 6669, "Del": 9159}}
{"epoch": 6, "cer": {"CER": 0.6253680122497427, "Cor": 123149, "Sub": 86100, "Ins": 18678, "Del": 69614}, "wer": {"WER": 0.7519051223820338, "Cor": 20449, "Sub": 27803, "Ins": 5701, "Del": 11193}}
{"epoch": 7, "cer": {"CER": 0.6382596472102788, "Cor": 119746, "Sub": 84389, "Ins": 18870, "Del": 74728}, "wer": {"WER": 0.7582302969131129, "Cor": 19943, "Sub": 27377, "Ins": 5571, "Del": 12125}}
{"epoch": 8, "cer": {"CER": 0.6306107300000359, "Cor": 114123, "Sub": 73613, "Ins": 11114, "Del": 91127}, "wer": {"WER": 0.7353183615106401, "Cor": 19159, "Sub": 25000, "Ins": 3425, "Del": 15286}}
{"epoch": 9, "cer": {"CER": 0.6353585810953766, "Cor": 109870, "Sub": 66524, "Ins": 8185, "Del": 102469}, "wer": {"WER": 0.7300529901589705, "Cor": 18457, "Sub": 23317, "Ins": 2410, "Del": 17671}}
{"epoch": 10, "cer": {"CER": 0.6360506772142593, "Cor": 109165, "Sub": 65610, "Ins": 7673, "Del": 104088}, "wer": {"WER": 0.7295314997056103, "Cor": 18329, "Sub": 23096, "Ins": 2251, "Del": 18020}}
{"epoch": 11, "cer": {"CER": 0.6359861293897003, "Cor": 109200, "Sub": 65581, "Ins": 7690, "Del": 104082}, "wer": {"WER": 0.7295314997056103, "Cor": 18335, "Sub": 23089, "Ins": 2257, "Del": 18021}}
{"epoch": 12, "cer": {"CER": 0.6360506772142593, "Cor": 109165, "Sub": 65610, "Ins": 7673, "Del": 104088}, "wer": {"WER": 0.7295314997056103, "Cor": 18329, "Sub": 23096, "Ins": 2251, "Del": 18020}}
{"epoch": 13, "cer": {"CER": 0.6360506772142593, "Cor": 109165, "Sub": 65610, "Ins": 7673, "Del": 104088}, "wer": {"WER": 0.7295314997056103, "Cor": 18329, "Sub": 23096, "Ins": 2251, "Del": 18020}}
{"epoch": 14, "cer": {"CER": 0.6360506772142593, "Cor": 109165, "Sub": 65610, "Ins": 7673, "Del": 104088}, "wer": {"WER": 0.7295314997056103, "Cor": 18329, "Sub": 23096, "Ins": 2251, "Del": 18020}}
{"epoch": 15, "cer": {"CER": 0.6360506772142593, "Cor": 109165, "Sub": 65610, "Ins": 7673, "Del": 104088}, "wer": {"WER": 0.7295314997056103, "Cor": 18329, "Sub": 23096, "Ins": 2251, "Del": 18020}}
{"epoch": 16, "cer": {"CER": 0.6360506772142593, "Cor": 109165, "Sub": 65610, "Ins": 7673, "Del": 104088}, "wer": {"WER": 0.7295314997056103, "Cor": 18329, "Sub": 23096, "Ins": 2251, "Del": 18020}}
{"epoch": 17, "cer": {"CER": 0.6360506772142593, "Cor": 109165, "Sub": 65610, "Ins": 7673, "Del": 104088}, "wer": {"WER": 0.7295314997056103, "Cor": 18329, "Sub": 23096, "Ins": 2251, "Del": 18020}}
{"epoch": 18, "cer": {"CER": 0.6360506772142593, "Cor": 109165, "Sub": 65610, "Ins": 7673, "Del": 104088}, "wer": {"WER": 0.7295314997056103, "Cor": 18329, "Sub": 23096, "Ins": 2251, "Del": 18020}}
{"epoch": 19, "cer": {"CER": 0.6360506772142593, "Cor": 109165, "Sub": 65610, "Ins": 7673, "Del": 104088}, "wer": {"WER": 0.7295314997056103, "Cor": 18329, "Sub": 23096, "Ins": 2251, "Del": 18020}}
{"epoch": 20, "cer": {"CER": 0.6360506772142593, "Cor": 109165, "Sub": 65610, "Ins": 7673, "Del": 104088}, "wer": {"WER": 0.7295314997056103, "Cor": 18329, "Sub": 23096, "Ins": 2251, "Del": 18020}}
{"epoch": 21, "cer": {"CER": 0.6360506772142593, "Cor": 109165, "Sub": 65610, "Ins": 7673, "Del": 104088}, "wer": {"WER": 0.7295314997056103, "Cor": 18329, "Sub": 23096, "Ins": 2251, "Del": 18020}}
{"epoch": 22, "cer": {"CER": 0.6360506772142593, "Cor": 109165, "Sub": 65610, "Ins": 7673, "Del": 104088}, "wer": {"WER": 0.7295314997056103, "Cor": 18329, "Sub": 23096, "Ins": 2251, "Del": 18020}}
{"epoch": 23, "cer": {"CER": 0.6360506772142593, "Cor": 109165, "Sub": 65610, "Ins": 7673, "Del": 104088}, "wer": {"WER": 0.7295314997056103, "Cor": 18329, "Sub": 23096, "Ins": 2251, "Del": 18020}}
{"epoch": 24, "cer": {"CER": 35.859224780627045, "Cor": 189, "Sub": 278674, "Ins": 9721137, "Del": 0}, "wer": {"WER": 1.0, "Cor": 0, "Sub": 5000, "Ins": 0, "Del": 54445}}
{"epoch": 25, "cer": {"CER": 35.859224780627045, "Cor": 189, "Sub": 278674, "Ins": 9721137, "Del": 0}, "wer": {"WER": 1.0, "Cor": 0, "Sub": 5000, "Ins": 0, "Del": 54445}}
