{"epoch": 1, "cer": 1.0008176057777476, "wer": 1.2107998990663638}
{"epoch": 2, "cer": 0.324062353198524, "wer": 0.4525359576078728}
{"epoch": 3, "cer": 0.3910450651395129, "wer": 0.5159054588274876}
{"epoch": 4, "cer": 0.2745290698299882, "wer": 0.397476659096644}
{"epoch": 5, "cer": 0.29976368324230895, "wer": 0.42602405584994535}
{"epoch": 6, "cer": 0.2497068452967945, "wer": 0.36097232736142654}
{"epoch": 7, "cer": 0.27135905444609004, "wer": 0.38832534275380604}
{"epoch": 8, "cer": 0.27799313641465523, "wer": 0.3958448986458071}
{"epoch": 9, "cer": 0.24903626511943142, "wer": 0.3596097232736143}
{"epoch": 10, "cer": 0.24770586273546508, "wer": 0.36364706871898395}
{"epoch": 11, "cer": 0.2654206545866608, "wer": 0.3819160568592817}
{"epoch": 12, "cer": 0.2778461108142708, "wer": 0.39663554546219193}
{"epoch": 13, "cer": 0.2614975812495742, "wer": 0.37722264277903944}
{"epoch": 14, "cer": 0.26540272463539444, "wer": 0.3826562368575995}
{"epoch": 15, "cer": 0.26913574048905736, "wer": 0.38398519640003365}
{"epoch": 16, "cer": 0.26968798298806224, "wer": 0.3849272436706199}
{"epoch": 17, "cer": 0.24944148201805189, "wer": 0.3633610900832703}
{"epoch": 18, "cer": 0.25762829776628665, "wer": 0.37007317688619734}
{"epoch": 19, "cer": 0.2512344771446911, "wer": 0.3633779123559593}
{"epoch": 20, "cer": 0.2622721551442823, "wer": 0.3823366136765077}
{"epoch": 21, "cer": 0.27020077959428107, "wer": 0.38524686685171167}
{"epoch": 22, "cer": 0.2582594320508637, "wer": 0.37520397005635464}
{"epoch": 23, "cer": 0.23957642283128275, "wer": 0.35392379510471866}
{"epoch": 24, "cer": 0.27055579262935564, "wer": 0.3885103877533855}
{"epoch": 25, "cer": 0.23830698228162217, "wer": 0.35321725965177897}
