{"epoch": 1, "cer": 0.6459157364010285, "wer": 0.8356127512826983}
{"epoch": 2, "cer": 0.3849345377479264, "wer": 0.5263689124400707}
{"epoch": 3, "cer": 0.43331313225490653, "wer": 0.5534191269240475}
{"epoch": 4, "cer": 0.28255451601682546, "wer": 0.40513079317015727}
{"epoch": 5, "cer": 0.31583609155750314, "wer": 0.4432500630835226}
{"epoch": 6, "cer": 0.2513994326963419, "wer": 0.3671797459836824}
{"epoch": 7, "cer": 0.26386792080699123, "wer": 0.3792917823197914}
{"epoch": 8, "cer": 0.24804294581927328, "wer": 0.3592396332744554}
{"epoch": 9, "cer": 0.27145587618292855, "wer": 0.39086550592985114}
{"epoch": 10, "cer": 0.26935448589450733, "wer": 0.3901085036588443}
{"epoch": 11, "cer": 0.25696130357917685, "wer": 0.37683573050719155}
{"epoch": 12, "cer": 0.26356669762571583, "wer": 0.38305997140213643}
{"epoch": 13, "cer": 0.263864334816738, "wer": 0.37919084868365716}
{"epoch": 14, "cer": 0.2835155614047041, "wer": 0.4124821263352679}
{"epoch": 15, "cer": 0.2779787924536421, "wer": 0.4000504668180671}
{"epoch": 16, "cer": 0.2562190035967482, "wer": 0.37150307006476574}
{"epoch": 17, "cer": 0.2423985971606129, "wer": 0.35806207418622255}
{"epoch": 18, "cer": 0.24846609266916012, "wer": 0.3654302296240222}
{"epoch": 19, "cer": 0.25418216113288605, "wer": 0.37722264277903944}
{"epoch": 20, "cer": 0.2806109092995485, "wer": 0.3982000168222727}
{"epoch": 21, "cer": 0.2418355966908482, "wer": 0.3609218605433594}
{"epoch": 22, "cer": 0.25759960984426045, "wer": 0.37567499369164775}
{"epoch": 23, "cer": 0.2512667510569706, "wer": 0.36654049962149887}
{"epoch": 24, "cer": 0.26852970813625326, "wer": 0.3893010345697704}
{"epoch": 25, "cer": 0.2434349483438104, "wer": 0.36435360417192364}
