{"epoch": 1, "cer": 1.0735271441532221, "wer": 1.2865505929851122}
{"epoch": 2, "cer": 0.3499532028271947, "wer": 0.4865169484397342}
{"epoch": 3, "cer": 0.37027142360227067, "wer": 0.506468163848936}
{"epoch": 4, "cer": 0.3005167411954974, "wer": 0.4243754731264194}
{"epoch": 5, "cer": 0.29338062059147324, "wer": 0.42027083859029357}
{"epoch": 6, "cer": 0.2948867364978502, "wer": 0.41234754815375557}
{"epoch": 7, "cer": 0.276547982342584, "wer": 0.39313651274287154}
{"epoch": 8, "cer": 0.25700074947196294, "wer": 0.3750357473294642}
{"epoch": 9, "cer": 0.27318790947526206, "wer": 0.39660190091681385}
{"epoch": 10, "cer": 0.26790574583218285, "wer": 0.38640760366725546}
{"epoch": 11, "cer": 0.2775126137207159, "wer": 0.39756077046008914}
{"epoch": 12, "cer": 0.28055711944574935, "wer": 0.4019345613592396}
{"epoch": 13, "cer": 0.2613111097564037, "wer": 0.38139456640592145}
{"epoch": 14, "cer": 0.27208342447725226, "wer": 0.38970476911430735}
{"epoch": 15, "cer": 0.285330072472863, "wer": 0.41413070905879384}
{"epoch": 16, "cer": 0.2662454323449149, "wer": 0.38210110185886115}
{"epoch": 17, "cer": 0.26268095803315605, "wer": 0.3813440995878543}
{"epoch": 18, "cer": 0.27925540498380924, "wer": 0.39634956682647826}
{"epoch": 19, "cer": 0.2523282041719411, "wer": 0.3725628732441753}
{"epoch": 20, "cer": 0.2523604780842206, "wer": 0.367011523256792}
{"epoch": 21, "cer": 0.27736558812033146, "wer": 0.39347295819665234}
{"epoch": 22, "cer": 0.2619637599825004, "wer": 0.3767011523256792}
{"epoch": 23, "cer": 0.2581518523432653, "wer": 0.37846749095802845}
{"epoch": 24, "cer": 0.25983368177205296, "wer": 0.377020775506771}
{"epoch": 25, "cer": 0.2637962010019257, "wer": 0.3828581041298679}
