{"epoch": 1, "cer": 1.0198376980811366, "wer": 1.279687105727984}
{"epoch": 2, "cer": 0.32767344538357546, "wer": 0.4532761376061906}
{"epoch": 3, "cer": 0.30703607147595774, "wer": 0.42885019766170407}
{"epoch": 4, "cer": 0.30514625461247996, "wer": 0.4257548994869207}
{"epoch": 5, "cer": 0.2852475946970376, "wer": 0.4052990158970477}
{"epoch": 6, "cer": 0.2729978519918383, "wer": 0.3896711245689293}
{"epoch": 7, "cer": 0.2709610095279761, "wer": 0.384540331398772}
{"epoch": 8, "cer": 0.24069166580005236, "wer": 0.3491462696610312}
{"epoch": 9, "cer": 0.26450264108182153, "wer": 0.3815459668601228}
{"epoch": 10, "cer": 0.23340134761513717, "wer": 0.34674068466649843}
{"epoch": 11, "cer": 0.24584473379401356, "wer": 0.3612078391790731}
{"epoch": 12, "cer": 0.24262810053682274, "wer": 0.356564891916898}
{"epoch": 13, "cer": 0.2582450880898506, "wer": 0.36973673143241653}
{"epoch": 14, "cer": 0.23423688334415108, "wer": 0.3463874169400286}
{"epoch": 15, "cer": 0.25961493636660293, "wer": 0.36903019597947684}
{"epoch": 16, "cer": 0.23496842535581988, "wer": 0.34394818740011773}
{"epoch": 17, "cer": 0.2613971735224824, "wer": 0.374531079148793}
{"epoch": 18, "cer": 0.2514747384916608, "wer": 0.366590966439566}
{"epoch": 19, "cer": 0.27689940938740526, "wer": 0.39192530910926066}
{"epoch": 20, "cer": 0.256383959148399, "wer": 0.3749179914206409}
{"epoch": 21, "cer": 0.24949885786210432, "wer": 0.3614938178147868}
{"epoch": 22, "cer": 0.23985613007103845, "wer": 0.34812011102699975}
{"epoch": 23, "cer": 0.23856158758960494, "wer": 0.3519219446547229}
{"epoch": 24, "cer": 0.23552066785482478, "wer": 0.34902851375220795}
{"epoch": 25, "cer": 0.2372347711958919, "wer": 0.35363781646900494}
