{"epoch": 1, "cer": {"CER": 3.428784026565016, "Cor": 140480, "Sub": 104463, "Ins": 817778, "Del": 33920}, "wer": {"WER": 3.4600386912271848, "Cor": 12407, "Sub": 41537, "Ins": 158644, "Del": 5501}}
{"epoch": 2, "cer": {"CER": 1.3249086468982978, "Cor": 106882, "Sub": 85505, "Ins": 197487, "Del": 86476}, "wer": {"WER": 1.4408108335436118, "Cor": 13743, "Sub": 30077, "Ins": 39947, "Del": 15625}}
{"epoch": 3, "cer": {"CER": 0.5949408849506747, "Cor": 140124, "Sub": 76012, "Ins": 27168, "Del": 62727}, "wer": {"WER": 0.7221969888131886, "Cor": 23674, "Sub": 25049, "Ins": 7160, "Del": 10722}}
{"epoch": 4, "cer": {"CER": 0.46158507941175414, "Cor": 188516, "Sub": 55766, "Ins": 38372, "Del": 34581}, "wer": {"WER": 0.5836823954916309, "Cor": 33182, "Sub": 20047, "Ins": 8434, "Del": 6216}}
{"epoch": 5, "cer": {"CER": 0.416193614785755, "Cor": 215717, "Sub": 44459, "Ins": 52915, "Del": 18687}, "wer": {"WER": 0.558701320548406, "Cor": 39231, "Sub": 17212, "Ins": 12998, "Del": 3002}}
{"epoch": 6, "cer": {"CER": 0.29919351079203765, "Cor": 224062, "Sub": 37516, "Ins": 28633, "Del": 17285}, "wer": {"WER": 0.4150054672386239, "Cor": 41588, "Sub": 14931, "Ins": 6813, "Del": 2926}}
{"epoch": 7, "cer": {"CER": 0.27937374266216747, "Cor": 225708, "Sub": 35754, "Ins": 24752, "Del": 17401}, "wer": {"WER": 0.393321557742451, "Cor": 42421, "Sub": 14091, "Ins": 6357, "Del": 2933}}
{"epoch": 8, "cer": {"CER": 0.24311220922101534, "Cor": 229073, "Sub": 33247, "Ins": 18005, "Del": 16543}, "wer": {"WER": 0.35567331146437886, "Cor": 43065, "Sub": 13575, "Ins": 4763, "Del": 2805}}
{"epoch": 9, "cer": {"CER": 0.22972570760552674, "Cor": 233030, "Sub": 31636, "Ins": 18229, "Del": 14197}, "wer": {"WER": 0.336109008327025, "Cor": 43953, "Sub": 12912, "Ins": 4488, "Del": 2580}}
{"epoch": 10, "cer": {"CER": 0.23585775093863295, "Cor": 232314, "Sub": 31533, "Ins": 19223, "Del": 15016}, "wer": {"WER": 0.3444360333080999, "Cor": 43806, "Sub": 12941, "Ins": 4836, "Del": 2698}}
{"epoch": 11, "cer": {"CER": 0.19395545482907378, "Cor": 239774, "Sub": 26691, "Ins": 14998, "Del": 12398}, "wer": {"WER": 0.29067204979392713, "Cor": 46103, "Sub": 11039, "Ins": 3937, "Del": 2303}}
{"epoch": 12, "cer": {"CER": 0.1932310847979115, "Cor": 240788, "Sub": 26454, "Ins": 15810, "Del": 11621}, "wer": {"WER": 0.2935654806964421, "Cor": 46317, "Sub": 11018, "Ins": 4323, "Del": 2110}}
{"epoch": 13, "cer": {"CER": 0.19129465006114113, "Cor": 240928, "Sub": 26184, "Ins": 15410, "Del": 11751}, "wer": {"WER": 0.2907225166119943, "Cor": 46316, "Sub": 10963, "Ins": 4153, "Del": 2166}}
{"epoch": 14, "cer": {"CER": 0.1919006824139452, "Cor": 240513, "Sub": 26529, "Ins": 15164, "Del": 11821}, "wer": {"WER": 0.2902346707040121, "Cor": 46243, "Sub": 11035, "Ins": 4051, "Del": 2167}}
{"epoch": 15, "cer": {"CER": 0.19117272639252966, "Cor": 240739, "Sub": 26358, "Ins": 15187, "Del": 11766}, "wer": {"WER": 0.28967953570527377, "Cor": 46294, "Sub": 10988, "Ins": 4069, "Del": 2163}}
{"epoch": 16, "cer": {"CER": 0.19413116835148442, "Cor": 240827, "Sub": 26313, "Ins": 16100, "Del": 11723}, "wer": {"WER": 0.2929262343342586, "Cor": 46289, "Sub": 10993, "Ins": 4257, "Del": 2163}}
{"epoch": 17, "cer": {"CER": 0.19188992444318537, "Cor": 240795, "Sub": 26355, "Ins": 15443, "Del": 11713}, "wer": {"WER": 0.2904870047943477, "Cor": 46299, "Sub": 10994, "Ins": 4122, "Del": 2152}}
{"epoch": 18, "cer": {"CER": 0.19106156069467803, "Cor": 240713, "Sub": 26373, "Ins": 15130, "Del": 11777}, "wer": {"WER": 0.2896122466145176, "Cor": 46288, "Sub": 10992, "Ins": 4059, "Del": 2165}}
{"epoch": 19, "cer": {"CER": 0.19102570079214526, "Cor": 240722, "Sub": 26366, "Ins": 15129, "Del": 11775}, "wer": {"WER": 0.2895281352510724, "Cor": 46292, "Sub": 10991, "Ins": 4058, "Del": 2162}}
{"epoch": 20, "cer": {"CER": 0.1910328727726518, "Cor": 240720, "Sub": 26368, "Ins": 15129, "Del": 11775}, "wer": {"WER": 0.28954495752376147, "Cor": 46291, "Sub": 10992, "Ins": 4058, "Del": 2162}}
{"epoch": 21, "cer": {"CER": 0.19102570079214526, "Cor": 240722, "Sub": 26366, "Ins": 15129, "Del": 11775}, "wer": {"WER": 0.2895281352510724, "Cor": 46292, "Sub": 10991, "Ins": 4058, "Del": 2162}}
{"epoch": 22, "cer": {"CER": 0.19102570079214526, "Cor": 240722, "Sub": 26366, "Ins": 15129, "Del": 11775}, "wer": {"WER": 0.2895281352510724, "Cor": 46292, "Sub": 10991, "Ins": 4058, "Del": 2162}}
{"epoch": 23, "cer": {"CER": 0.19102570079214526, "Cor": 240722, "Sub": 26366, "Ins": 15129, "Del": 11775}, "wer": {"WER": 0.2895281352510724, "Cor": 46292, "Sub": 10991, "Ins": 4058, "Del": 2162}}
{"epoch": 24, "cer": {"CER": 0.19102570079214526, "Cor": 240722, "Sub": 26366, "Ins": 15129, "Del": 11775}, "wer": {"WER": 0.2895281352510724, "Cor": 46292, "Sub": 10991, "Ins": 4058, "Del": 2162}}
{"epoch": 25, "cer": {"CER": 0.19102570079214526, "Cor": 240722, "Sub": 26366, "Ins": 15129, "Del": 11775}, "wer": {"WER": 0.2895281352510724, "Cor": 46292, "Sub": 10991, "Ins": 4058, "Del": 2162}}
