{"epoch": 1, "cer": 0.836288786967077, "wer": 1.0336445453780805}
{"epoch": 2, "cer": 0.48345961995675296, "wer": 0.631323071746993}
{"epoch": 3, "cer": 0.39651370027576266, "wer": 0.526469846076205}
{"epoch": 4, "cer": 0.34720274830293013, "wer": 0.4723862393809404}
{"epoch": 5, "cer": 0.3412177305702083, "wer": 0.4736647321053074}
{"epoch": 6, "cer": 0.3130426051501992, "wer": 0.4337959458322819}
{"epoch": 7, "cer": 0.3493148965621111, "wer": 0.4756497602826142}
{"epoch": 8, "cer": 0.38408824404815267, "wer": 0.5115316679283372}
{"epoch": 9, "cer": 0.3071795110860889, "wer": 0.4255530322146522}
{"epoch": 10, "cer": 0.35445362059505925, "wer": 0.47955252754647154}
{"epoch": 11, "cer": 0.30635114733758156, "wer": 0.43282025401631763}
{"epoch": 12, "cer": 0.3327296916406981, "wer": 0.462208764404071}
{"epoch": 13, "cer": 0.3075560400626831, "wer": 0.43026326856758346}
{"epoch": 14, "cer": 0.31052523999239773, "wer": 0.43621835309950374}
{"epoch": 15, "cer": 0.3079899448833298, "wer": 0.434653881739423}
{"epoch": 16, "cer": 0.3265510304342993, "wer": 0.44567247035074437}
{"epoch": 17, "cer": 0.3338019027264284, "wer": 0.4571620825973589}
{"epoch": 18, "cer": 0.298103369755041, "wer": 0.41688956177979647}
{"epoch": 19, "cer": 0.28983049024072755, "wer": 0.4103288754310707}
{"epoch": 20, "cer": 0.31817415720264075, "wer": 0.435898729918412}
{"epoch": 21, "cer": 0.29580475000268946, "wer": 0.41688956177979647}
{"epoch": 22, "cer": 0.30956060861426576, "wer": 0.43223147447220117}
{"epoch": 23, "cer": 0.3233092952453355, "wer": 0.4491378585246867}
{"epoch": 24, "cer": 0.29287499596576094, "wer": 0.41554377996467323}
{"epoch": 25, "cer": 0.31558507223977367, "wer": 0.4465135839851964}
