{"epoch": 1, "cer": {"CER": 0.7480913566876926, "Cor": 96394, "Sub": 95605, "Ins": 26146, "Del": 86864}, "wer": {"WER": 0.88974682479603, "Cor": 14925, "Sub": 31386, "Ins": 8371, "Del": 13134}}
{"epoch": 2, "cer": {"CER": 0.6229618127897928, "Cor": 128972, "Sub": 76222, "Ins": 23830, "Del": 73669}, "wer": {"WER": 0.7466397510303642, "Cor": 21515, "Sub": 25565, "Ins": 6454, "Del": 12365}}
{"epoch": 3, "cer": {"CER": 0.6133406009402467, "Cor": 186577, "Sub": 64079, "Ins": 78752, "Del": 28207}, "wer": {"WER": 0.778299268231138, "Cor": 31722, "Sub": 23068, "Ins": 18543, "Del": 4655}}
{"epoch": 4, "cer": {"CER": 0.40863076134159065, "Cor": 200607, "Sub": 53543, "Ins": 35696, "Del": 24713}, "wer": {"WER": 0.5387501051392043, "Cor": 35607, "Sub": 19496, "Ins": 8188, "Del": 4342}}
{"epoch": 5, "cer": {"CER": 0.3360646625762471, "Cor": 212414, "Sub": 45228, "Ins": 27267, "Del": 21221}, "wer": {"WER": 0.4595172007738245, "Cor": 38462, "Sub": 17166, "Ins": 6333, "Del": 3817}}
{"epoch": 6, "cer": {"CER": 0.3211971469861545, "Cor": 218270, "Sub": 43754, "Ins": 28977, "Del": 16839}, "wer": {"WER": 0.44942383716040035, "Cor": 39952, "Sub": 16636, "Ins": 7223, "Del": 2857}}
{"epoch": 7, "cer": {"CER": 0.29231199549599624, "Cor": 221700, "Sub": 40763, "Ins": 24352, "Del": 16400}, "wer": {"WER": 0.41249894860795694, "Cor": 40916, "Sub": 15549, "Ins": 5992, "Del": 2980}}
{"epoch": 8, "cer": {"CER": 0.2734102408709653, "Cor": 223901, "Sub": 39381, "Ins": 21282, "Del": 15581}, "wer": {"WER": 0.39744301455126585, "Cor": 41694, "Sub": 15051, "Ins": 5875, "Del": 2700}}
{"epoch": 9, "cer": {"CER": 0.2624657986179594, "Cor": 224836, "Sub": 38210, "Ins": 19165, "Del": 15817}, "wer": {"WER": 0.372865674152578, "Cor": 41886, "Sub": 14648, "Ins": 4606, "Del": 2911}}
{"epoch": 10, "cer": {"CER": 0.2668156047951862, "Cor": 228644, "Sub": 36620, "Ins": 24186, "Del": 13599}, "wer": {"WER": 0.37734039868786273, "Cor": 42789, "Sub": 14216, "Ins": 5775, "Del": 2440}}
{"epoch": 11, "cer": {"CER": 0.2799152271904125, "Cor": 230320, "Sub": 35959, "Ins": 29515, "Del": 12584}, "wer": {"WER": 0.3960804104634536, "Cor": 43085, "Sub": 14152, "Ins": 7185, "Del": 2208}}
{"epoch": 12, "cer": {"CER": 0.23895246052721228, "Cor": 228454, "Sub": 35057, "Ins": 16226, "Del": 15352}, "wer": {"WER": 0.3515350323828749, "Cor": 42930, "Sub": 13854, "Ins": 4382, "Del": 2661}}
{"epoch": 13, "cer": {"CER": 0.2663781139842862, "Cor": 230029, "Sub": 35392, "Ins": 25449, "Del": 13442}, "wer": {"WER": 0.37868618050298597, "Cor": 42682, "Sub": 13993, "Ins": 5748, "Del": 2770}}
{"epoch": 14, "cer": {"CER": 0.24612802702402256, "Cor": 230968, "Sub": 34442, "Ins": 20741, "Del": 13453}, "wer": {"WER": 0.35454621919421314, "Cor": 43404, "Sub": 13439, "Ins": 5035, "Del": 2602}}
{"epoch": 15, "cer": {"CER": 0.23912100206911638, "Cor": 231208, "Sub": 34222, "Ins": 19027, "Del": 13433}, "wer": {"WER": 0.3513331651106064, "Cor": 43448, "Sub": 13559, "Ins": 4888, "Del": 2438}}
{"epoch": 16, "cer": {"CER": 0.23017754237743981, "Cor": 231749, "Sub": 34229, "Ins": 17074, "Del": 12885}, "wer": {"WER": 0.3394061737740769, "Cor": 43747, "Sub": 13278, "Ins": 4478, "Del": 2420}}
{"epoch": 17, "cer": {"CER": 0.2431193812015219, "Cor": 231125, "Sub": 34001, "Ins": 20059, "Del": 13737}, "wer": {"WER": 0.3501724282950627, "Cor": 43522, "Sub": 13344, "Ins": 4893, "Del": 2579}}
{"epoch": 18, "cer": {"CER": 0.23359140509856094, "Cor": 230132, "Sub": 34130, "Ins": 16409, "Del": 14601}, "wer": {"WER": 0.34093700058877957, "Cor": 43283, "Sub": 13358, "Ins": 4105, "Del": 2804}}
{"epoch": 19, "cer": {"CER": 0.23936126341608605, "Cor": 229791, "Sub": 33536, "Ins": 17677, "Del": 15536}, "wer": {"WER": 0.3498191605685928, "Cor": 43093, "Sub": 13230, "Ins": 4443, "Del": 3122}}
{"epoch": 20, "cer": {"CER": 0.22945317234627757, "Cor": 230842, "Sub": 33546, "Ins": 15965, "Del": 14475}, "wer": {"WER": 0.3375052569602153, "Cor": 43456, "Sub": 13221, "Ins": 4074, "Del": 2768}}
{"epoch": 21, "cer": {"CER": 0.22496351254917288, "Cor": 229544, "Sub": 33861, "Ins": 13415, "Del": 15458}, "wer": {"WER": 0.3344772478761881, "Cor": 42904, "Sub": 13294, "Ins": 3342, "Del": 3247}}
{"epoch": 22, "cer": {"CER": 0.22902285351588414, "Cor": 231811, "Sub": 33769, "Ins": 16814, "Del": 13283}, "wer": {"WER": 0.3400790646816385, "Cor": 43564, "Sub": 13400, "Ins": 4335, "Del": 2481}}
{"epoch": 23, "cer": {"CER": 0.23330093988804537, "Cor": 231851, "Sub": 32637, "Ins": 18047, "Del": 14375}, "wer": {"WER": 0.3452435023971739, "Cor": 43551, "Sub": 13165, "Ins": 4629, "Del": 2729}}
{"epoch": 24, "cer": {"CER": 0.22751673760950716, "Cor": 231032, "Sub": 33405, "Ins": 15615, "Del": 14426}, "wer": {"WER": 0.33501556060223736, "Cor": 43667, "Sub": 13101, "Ins": 4137, "Del": 2677}}
{"epoch": 25, "cer": {"CER": 0.23065806507137915, "Cor": 231516, "Sub": 33396, "Ins": 16975, "Del": 13951}, "wer": {"WER": 0.3413912019513836, "Cor": 43504, "Sub": 13268, "Ins": 4353, "Del": 2673}}
