{"epoch": 1, "cer": 0.9813743666244715, "wer": 1.233863234923038}
{"epoch": 2, "cer": 0.6255616557234197, "wer": 0.7788880477752544}
{"epoch": 3, "cer": 0.37440965635455403, "wer": 0.5112456892926235}
{"epoch": 4, "cer": 0.28999185980212505, "wer": 0.41860543359407854}
{"epoch": 5, "cer": 0.28857539365208007, "wer": 0.41796618723189505}
{"epoch": 6, "cer": 0.26026041461219307, "wer": 0.3750525696021533}
{"epoch": 7, "cer": 0.35528557033381986, "wer": 0.4809151316342838}
{"epoch": 8, "cer": 0.2467340593768266, "wer": 0.35592564555471445}
{"epoch": 9, "cer": 0.26139000154197584, "wer": 0.37498528051139707}
{"epoch": 10, "cer": 0.2712407167677318, "wer": 0.38665993775759105}
{"epoch": 11, "cer": 0.25499976691063353, "wer": 0.37148624779207673}
{"epoch": 12, "cer": 0.24428124204358412, "wer": 0.35698544873412397}
{"epoch": 13, "cer": 0.2650261956588002, "wer": 0.3886449659348978}
{"epoch": 14, "cer": 0.24695639077252987, "wer": 0.361594751450921}
{"epoch": 15, "cer": 0.23395359011414207, "wer": 0.3493313146606106}
{"epoch": 16, "cer": 0.27780666492148476, "wer": 0.3969888131886618}
{"epoch": 17, "cer": 0.2520915288152247, "wer": 0.36566574144166875}
{"epoch": 18, "cer": 0.2561401118111761, "wer": 0.37426192278576836}
{"epoch": 19, "cer": 0.2770285050365233, "wer": 0.39996635545462195}
{"epoch": 20, "cer": 0.2530920200958894, "wer": 0.36877786188914125}
{"epoch": 21, "cer": 0.2595539745322972, "wer": 0.3805029859534023}
{"epoch": 22, "cer": 0.2559213664057261, "wer": 0.3706114896122466}
{"epoch": 23, "cer": 0.2598802996453456, "wer": 0.38046934140802424}
{"epoch": 24, "cer": 0.2565740166318228, "wer": 0.37851795777609554}
