{"epoch": 1, "cer": {"CER": 0.8124778116853079, "Cor": 172457, "Sub": 75885, "Ins": 120164, "Del": 30521}, "wer": {"WER": 1.017074606779376, "Cor": 27548, "Sub": 26962, "Ins": 28563, "Del": 4935}}
{"epoch": 2, "cer": {"CER": 0.5272266309980169, "Cor": 208100, "Sub": 53236, "Ins": 76261, "Del": 17527}, "wer": {"WER": 0.6868870384388931, "Cor": 36361, "Sub": 20062, "Ins": 17748, "Del": 3022}}
{"epoch": 3, "cer": {"CER": 0.36192323829263834, "Cor": 219138, "Sub": 42658, "Ins": 41202, "Del": 17067}, "wer": {"WER": 0.49112625115653125, "Cor": 39901, "Sub": 16634, "Ins": 9651, "Del": 2910}}
{"epoch": 4, "cer": {"CER": 0.34165522138110826, "Cor": 223712, "Sub": 39934, "Ins": 40124, "Del": 15217}, "wer": {"WER": 0.47368155437799647, "Cor": 41112, "Sub": 15792, "Ins": 9825, "Del": 2541}}
{"epoch": 5, "cer": {"CER": 0.32337384306989453, "Cor": 226376, "Sub": 37457, "Ins": 37690, "Del": 15030}, "wer": {"WER": 0.4552106989654302, "Cor": 42054, "Sub": 14824, "Ins": 9669, "Del": 2567}}
{"epoch": 6, "cer": {"CER": 0.29558241860698625, "Cor": 230598, "Sub": 35460, "Ins": 34162, "Del": 12805}, "wer": {"WER": 0.4194297249558415, "Cor": 42867, "Sub": 14279, "Ins": 8355, "Del": 2299}}
{"epoch": 7, "cer": {"CER": 0.31753585093755715, "Cor": 231807, "Sub": 34869, "Ins": 41493, "Del": 12187}, "wer": {"WER": 0.4308520481116999, "Cor": 42974, "Sub": 14023, "Ins": 9141, "Del": 2448}}
{"epoch": 8, "cer": {"CER": 0.28756414440065553, "Cor": 231262, "Sub": 34255, "Ins": 32590, "Del": 13346}, "wer": {"WER": 0.40691395407519554, "Cor": 43217, "Sub": 13979, "Ins": 7961, "Del": 2249}}
{"epoch": 9, "cer": {"CER": 0.24990048877047152, "Cor": 230516, "Sub": 32930, "Ins": 21341, "Del": 15417}, "wer": {"WER": 0.36595172007738247, "Cor": 43444, "Sub": 13398, "Ins": 5753, "Del": 2603}}
{"epoch": 10, "cer": {"CER": 0.24892509942157978, "Cor": 225761, "Sub": 34486, "Ins": 16314, "Del": 18616}, "wer": {"WER": 0.360753637816469, "Cor": 42262, "Sub": 13814, "Ins": 4262, "Del": 3369}}
{"epoch": 11, "cer": {"CER": 0.29491183842962315, "Cor": 233022, "Sub": 33926, "Ins": 36399, "Del": 11915}, "wer": {"WER": 0.40910084952477077, "Cor": 43137, "Sub": 13838, "Ins": 8011, "Del": 2470}}
{"epoch": 12, "cer": {"CER": 0.2831964082721623, "Cor": 233183, "Sub": 33664, "Ins": 33293, "Del": 12016}, "wer": {"WER": 0.4002859786357137, "Cor": 43265, "Sub": 13699, "Ins": 7615, "Del": 2481}}
{"epoch": 13, "cer": {"CER": 0.27002148008161714, "Cor": 229697, "Sub": 34147, "Ins": 26133, "Del": 15019}, "wer": {"WER": 0.3893178568424594, "Cor": 42884, "Sub": 13828, "Ins": 6582, "Del": 2733}}
{"epoch": 14, "cer": {"CER": 0.23610877025636245, "Cor": 230037, "Sub": 33810, "Ins": 17016, "Del": 15016}, "wer": {"WER": 0.34719488602910253, "Cor": 42831, "Sub": 13549, "Ins": 4025, "Del": 3065}}
{"epoch": 15, "cer": {"CER": 0.2472181680610192, "Cor": 227867, "Sub": 32895, "Ins": 17944, "Del": 18101}, "wer": {"WER": 0.365766675077803, "Cor": 42593, "Sub": 13733, "Ins": 4891, "Del": 3119}}
{"epoch": 16, "cer": {"CER": 0.2685583960582795, "Cor": 229349, "Sub": 34207, "Ins": 25377, "Del": 15307}, "wer": {"WER": 0.39121877365632096, "Cor": 42762, "Sub": 13979, "Ins": 6573, "Del": 2704}}
{"epoch": 17, "cer": {"CER": 0.2521058727762378, "Cor": 232141, "Sub": 33769, "Ins": 23581, "Del": 12953}, "wer": {"WER": 0.3697871982504836, "Cor": 43374, "Sub": 13650, "Ins": 5911, "Del": 2421}}
{"epoch": 18, "cer": {"CER": 0.2550212828521532, "Cor": 230405, "Sub": 33341, "Ins": 22658, "Del": 15117}, "wer": {"WER": 0.37474976869375054, "Cor": 42746, "Sub": 13737, "Ins": 5578, "Del": 2962}}
{"epoch": 19, "cer": {"CER": 0.2543865625773229, "Cor": 231300, "Sub": 33162, "Ins": 23376, "Del": 14401}, "wer": {"WER": 0.3704937337034233, "Cor": 42951, "Sub": 13620, "Ins": 5530, "Del": 2874}}
{"epoch": 20, "cer": {"CER": 0.23976648031470651, "Cor": 231090, "Sub": 33233, "Ins": 19089, "Del": 14540}, "wer": {"WER": 0.3563462023719404, "Cor": 42996, "Sub": 13620, "Ins": 4734, "Del": 2829}}
{"epoch": 21, "cer": {"CER": 0.27689940938740526, "Cor": 231904, "Sub": 34220, "Ins": 30258, "Del": 12739}, "wer": {"WER": 0.3955925645554714, "Cor": 43012, "Sub": 13957, "Ins": 7083, "Del": 2476}}
{"epoch": 22, "cer": {"CER": 0.2525290196261247, "Cor": 229267, "Sub": 33067, "Ins": 20825, "Del": 16529}, "wer": {"WER": 0.3643367818992346, "Cor": 42684, "Sub": 13538, "Ins": 4897, "Del": 3223}}
{"epoch": 23, "cer": {"CER": 0.26827151683801725, "Cor": 230910, "Sub": 33928, "Ins": 26858, "Del": 14025}, "wer": {"WER": 0.3846412650349062, "Cor": 42720, "Sub": 13879, "Ins": 6140, "Del": 2846}}
{"epoch": 24, "cer": {"CER": 0.24946299795957155, "Cor": 232800, "Sub": 32559, "Ins": 23503, "Del": 13504}, "wer": {"WER": 0.3662208764404071, "Cor": 43480, "Sub": 13442, "Ins": 5805, "Del": 2523}}
{"epoch": 25, "cer": {"CER": 0.2430333174354432, "Cor": 229967, "Sub": 32885, "Ins": 18877, "Del": 16011}, "wer": {"WER": 0.35944150054672386, "Cor": 42906, "Sub": 13498, "Ins": 4828, "Del": 3041}}
